draft,original_relative_to_git,sha256
drafts/retained/boktai3-decomp/wip/endurance/libgcc_dp.c,boktai3-decomp/wip/endurance/libgcc_dp.c,11705e527422df6c7687e627c54fcd8002f9a6770a5484aefaea0f35cc252118
drafts/retained/boktai3-decomp/wip/endurance/libgcc_fp.c,boktai3-decomp/wip/endurance/libgcc_fp.c,0b3bd0127b3595244dd212e1aaffc49f9ef71d58fc187b48c1db812c6cf3ef37
drafts/retained/boktai3-decomp/wip/endurance/librfu_intr-arm.c,boktai3-decomp/wip/endurance/librfu_intr-arm.c,e97ee65d9506dbd9fb8fd4d67ecfc315c65c9fc0fddbf441410e04af57596dbd
drafts/retained/boktai3-decomp/wip/endurance/librfu_rfu-raw.c,boktai3-decomp/wip/endurance/librfu_rfu-raw.c,8dd4f27a8e343e688ffae159fc003b9d697f6fe5f28d89ea13cf386565130bce
drafts/retained/boktai3-decomp/wip/endurance/librfu_rfu.c,boktai3-decomp/wip/endurance/librfu_rfu.c,d2f251d21f738c005a1d9effcea3762dfb9b71c94d656ff620066efceb930957
drafts/retained/boktai3-decomp/wip/endurance/librfu_sio32id-raw.c,boktai3-decomp/wip/endurance/librfu_sio32id-raw.c,4a47453d87b8398cb15b9662bccda436196e496d9ae93efa386231939525f15e
drafts/retained/boktai3-decomp/wip/endurance/librfu_sio32id.c,boktai3-decomp/wip/endurance/librfu_sio32id.c,9a3c22cbe6bf31614853ed7c7dc6207de57782e79d257edd50043d1e3e132a76
drafts/retained/boktai3-decomp/wip/endurance/librfu_stwi-raw.c,boktai3-decomp/wip/endurance/librfu_stwi-raw.c,be66503470c92aefc955c404e7d3189dec8a5cb095d23a4ea5ddb6cafe4da5fb
drafts/retained/boktai3-decomp/wip/endurance/librfu_stwi.c,boktai3-decomp/wip/endurance/librfu_stwi.c,1030043dfa962befccc2936e620613afc475f25696ab4714ae8ad78215833ebe
drafts/retained/boktai3-decomp/wip/endurance/motion_base.c,boktai3-decomp/wip/endurance/motion_base.c,cf35be38b1bb1ee6a4f7ab1f8ee13a38f83afb950c4e49361d83fd5b1b354822
drafts/retained/boktai3-decomp/wip/endurance/rtc-o1.c,boktai3-decomp/wip/endurance/rtc-o1.c,cfc36f14970e728b68d92d94f70c2b664c48b968632aae720f2fefe185c23257
drafts/retained/boktai3-decomp/wip/endurance/rtc-preloop.c,boktai3-decomp/wip/endurance/rtc-preloop.c,5b7f8d33ad7f7ccb2deb889fa339e507a0b03a3ccc487fbc1965479c47ca68b0
drafts/retained/boktai3-decomp/wip/endurance/rtc-u16.c,boktai3-decomp/wip/endurance/rtc-u16.c,05a1e40f4264f4161f72f87063312cf1612aea3a7d64d9084228458c2c8139b4
drafts/retained/boktai3-decomp/wip/endurance/sub_08085D58.c,boktai3-decomp/wip/endurance/sub_08085D58.c,7f869be5433ddf5bfd40db02be3587da064c761a45f750ea2343e10be991b667
drafts/retained/boktai3-decomp/wip/endurance/sub_08086B6C.c,boktai3-decomp/wip/endurance/sub_08086B6C.c,3edf215a4ab174df6b9dbf09a9cb1729e4d886dd2d350766618a2cde0716261e
drafts/retained/boktai3-decomp/wip/endurance/sub_08160EA4.c,boktai3-decomp/wip/endurance/sub_08160EA4.c,c230229be98f272464b58302030f47f319d421e7e644cf8b83aa07923a2691f1
drafts/retained/boktai3-decomp/wip/endurance/sub_081A55D4.c,boktai3-decomp/wip/endurance/sub_081A55D4.c,1ad844f46c80fd593b543df8b7596fa96b94c19c124d1038aac7be77c964c1c0
drafts/retained/boktai3-decomp/wip/endurance/sub_081E8374.c,boktai3-decomp/wip/endurance/sub_081E8374.c,b5e8d2bb1cba323ebc85ab3b65c1f4451913af54c24444742e2f1cdde2985e79
drafts/retained/boktai3-decomp/wip/endurance/sub_08201388.c,boktai3-decomp/wip/endurance/sub_08201388.c,88b47ff8392e280a7206b7a4dd136a00779299d8bb0621e14fed1e7dee86b2dd
drafts/retained/boktai3-decomp/wip/endurance/sub_08203660.c,boktai3-decomp/wip/endurance/sub_08203660.c,6735346303dfda35b6c73f6d340ae73bfcfb00c004243f10874046db3af96545
drafts/retained/boktai3-decomp/wip/endurance/sub_082064B4.c,boktai3-decomp/wip/endurance/sub_082064B4.c,303f79fdb8a17fd46dc9c2c1db7f02fd26b51104a7658d456c8478923d6a7a95
drafts/retained/boktai3-decomp/wip/endurance/sub_0820AB3C.c,boktai3-decomp/wip/endurance/sub_0820AB3C.c,c196a81268695c068c3427f47273ddd51a02f75bbc1e7c89d4959116a93c1137
drafts/retained/boktai3-decomp/wip/endurance/sub_0820BD24.c,boktai3-decomp/wip/endurance/sub_0820BD24.c,f69a5f8d3bc2cdcb88476e5fa0d6807799fddc638196b4b3d9225cb7609b0d2b
drafts/retained/boktai3-decomp/wip/endurance/sub_0820D9D0.c,boktai3-decomp/wip/endurance/sub_0820D9D0.c,cfcaaf51bc558a3a97a23487609b9735b21acf6eeb0b3cf4eec8693d8b17970d
drafts/retained/boktai3-decomp/wip/endurance/sub_0820EBEC.c,boktai3-decomp/wip/endurance/sub_0820EBEC.c,d97ebe18d970bc0b2ef5a8f2da6b3bd72d66ec7b3291b534f9284a67cc6ab5b8
drafts/retained/boktai3-decomp/wip/endurance/sub_082439EC.c,boktai3-decomp/wip/endurance/sub_082439EC.c,0f85b985d4ae220067123cfa514dae75a1ba0c5b8090395542d700172da25743
drafts/retained/boktai3-decomp/wip/endurance/sub_08243B54.c,boktai3-decomp/wip/endurance/sub_08243B54.c,4a99a69867f9797a4df0450141dcaedcbc08f1748bf263a590a7a7ebb2c963e2
drafts/retained/boktai3-decomp/wip/endurance/sub_08248634.c,boktai3-decomp/wip/endurance/sub_08248634.c,cfc36f14970e728b68d92d94f70c2b664c48b968632aae720f2fefe185c23257
drafts/retained/boktai3-decomp/wip/endurance/sub_082486B4.c,boktai3-decomp/wip/endurance/sub_082486B4.c,1dc8532d017a19b9c417fe57130abdf5e6e4b3ee02b4aaa35d248cf383861f58
drafts/retained/boktai3-decomp/wip/endurance/sub_08248778.c,boktai3-decomp/wip/endurance/sub_08248778.c,b82a679731ef0c7862573983a8106209832cc2c79b036b8e2842b9ef8057b3d9
drafts/retained/boktai3-decomp/wip/endurance/sub_082488D8.c,boktai3-decomp/wip/endurance/sub_082488D8.c,412e7be5c5c5d64540ddee737832465dfbb120856382dbe8f64a0597676dc441
drafts/retained/boktai3-decomp/wip/endurance/sub_08248930.c,boktai3-decomp/wip/endurance/sub_08248930.c,7c19ac773c982cff75a2000c9d4e25f6791bafa849efdf6fe524b7cebd06445a
drafts/retained/boktai3-decomp/wip/endurance/sub_08248970.c,boktai3-decomp/wip/endurance/sub_08248970.c,4ec26843d33ab664698008924984403489886b6be5db36b887fe11eefea0d0fb
drafts/retained/boktai3-decomp/wip/endurance/sub_08248988.c,boktai3-decomp/wip/endurance/sub_08248988.c,eab50b6589c6608e94eafbfaa1b83a2c8e57e1a895a354fc90f0f26714388d91
drafts/retained/boktai3-decomp/wip/endurance/sub_082489A0.c,boktai3-decomp/wip/endurance/sub_082489A0.c,a1f6facfa99a7240526a12864a82a02b2489b74279f6524e3b8b73409eaa748f
drafts/retained/boktai3-decomp/wip/endurance/sub_08248A78.c,boktai3-decomp/wip/endurance/sub_08248A78.c,198f99d2af9481f56c515968cd0ebc04a7cc4f75b8e59d1bcfaf4ea0e333c2bc
drafts/retained/boktai3-decomp/wip/endurance/sub_08248AFC.c,boktai3-decomp/wip/endurance/sub_08248AFC.c,810e4f2547138465907992c98b24f3566d6db201c601bb6fe9bf8bef8adc4534
drafts/retained/boktai3-decomp/wip/endurance/sub_08248BC8.c,boktai3-decomp/wip/endurance/sub_08248BC8.c,7d61181fe86c8e43430a7b0dbc86992fe0ad50ea3b61533d95729bdbcbb4ebcb
drafts/retained/boktai3-decomp/wip/endurance/sub_08248C70.c,boktai3-decomp/wip/endurance/sub_08248C70.c,5472a46e5852246d5c94dbadd666c9ae15b6f4e5d17556323868fecfca9c66f5
drafts/retained/boktai3-decomp/wip/endurance/sub_08248D20.c,boktai3-decomp/wip/endurance/sub_08248D20.c,7f26ab2f42365958c26d5428b0d4835c76135fcc73039268cfc2f9867323b0d1
drafts/retained/boktai3-decomp/wip/endurance/sub_08248DBC.c,boktai3-decomp/wip/endurance/sub_08248DBC.c,dec468c25eb996d2bdc5202e5693911f1432fafee31dc545878d1eb26c8c7907
drafts/retained/boktai3-decomp/wip/endurance/sub_08248E70.c,boktai3-decomp/wip/endurance/sub_08248E70.c,f2ffab5b0f79d9595ab070e7f3229d854c9e68cccfcebcea2be6b3c5b320916f
drafts/retained/boktai3-decomp/wip/endurance/sub_08248F0C.c,boktai3-decomp/wip/endurance/sub_08248F0C.c,c997aa7dfa52bb093dcce660407452da049bd822928328f6e1b864eadc8db4c9
drafts/retained/boktai3-decomp/wip/endurance/sub_08249040.c,boktai3-decomp/wip/endurance/sub_08249040.c,6c74bed878ac1ea476cb656757c2faa56f4afcad363be967bdc2be0c25ab5f98
drafts/retained/boktai3-decomp/wip/endurance/sub_082490E4.c,boktai3-decomp/wip/endurance/sub_082490E4.c,2b98d8b3490cf1514fe88825726130525250c0e32a48e136e5f30f36fd8e73be
drafts/retained/boktai3-decomp/wip/endurance/sub_08249184.c,boktai3-decomp/wip/endurance/sub_08249184.c,15aee59ebc3277cbf4e5a64d6cb03a3681555b267ece5148c422d342a750a1d7
drafts/retained/boktai3-decomp/wip/endurance/sub_08249210.c,boktai3-decomp/wip/endurance/sub_08249210.c,464a3a27bdbf3a7938d962ddc77beaf530d4c47904256e2da3a93231159448e7
drafts/retained/boktai3-decomp/wip/endurance/sub_08249224.c,boktai3-decomp/wip/endurance/sub_08249224.c,3878c04cf6cc1bdbd5f909252af503af69bd468248e03b28d88fffa30bd308a4
drafts/retained/boktai3-decomp/wip/endurance/sub_08249558.c,boktai3-decomp/wip/endurance/sub_08249558.c,5a98731c2bb8e296537dc1b88f9eb6877db1f3d88d61cfedc9a7c087fbf9f61b
drafts/retained/boktai3-decomp/wip/endurance/sub_082496A0.c,boktai3-decomp/wip/endurance/sub_082496A0.c,3ad6c501fd0de0a4121f48e6dc7cbf363cdd8d1af9f726a92558a5ac363d8a95
drafts/retained/boktai3-decomp/wip/endurance/sub_0824A2F4.c,boktai3-decomp/wip/endurance/sub_0824A2F4.c,f50d25a94e8a241345dcfc8edafedb88a487a1143d74fae298ca237c9d0cc426
drafts/retained/boktai3-decomp/wip/endurance/sub_0824A3AC.c,boktai3-decomp/wip/endurance/sub_0824A3AC.c,65b723bc71abdfdb5031f8b70bcf4ee43481a19d431b136911f0265bc26c047c
drafts/retained/boktai3-decomp/wip/libm/libc_memcpy.c,boktai3-decomp/wip/libm/libc_memcpy.c,ce710ca57ba8dc7240ee40391832d6186e991ca120b90faef2af0848972f3e18
drafts/retained/boktai3-decomp/wip/libm/libc_memset.c,boktai3-decomp/wip/libm/libc_memset.c,3260e93d3d2b225f7d34573d3d74b8afa1cd0035c083210448d4d6599b98d9af
drafts/retained/boktai3-decomp/wip/libm/libm_e_acos.c,boktai3-decomp/wip/libm/libm_e_acos.c,d1248fceb9b5141cc628f3b8c24929c477e8e97eba35337762b8c1e6dd99a7d2
drafts/retained/boktai3-decomp/wip/libm/libm_e_asin.c,boktai3-decomp/wip/libm/libm_e_asin.c,f2659404c07d74c218a282756f830b2a30c4499c865f315077b5dbcd78242f7a
drafts/retained/boktai3-decomp/wip/libm/libm_e_fmod.c,boktai3-decomp/wip/libm/libm_e_fmod.c,03495763ecd0c11fa2caf712bd9872801b4f5220da1a93c3b5800606f765d5e8
drafts/retained/boktai3-decomp/wip/libm/libm_e_rem_pio2.c,boktai3-decomp/wip/libm/libm_e_rem_pio2.c,c6b0b5243a83d229e717114826ff5cb24bc439760f7271a82ef312856273d582
drafts/retained/boktai3-decomp/wip/libm/libm_e_sqrt.c,boktai3-decomp/wip/libm/libm_e_sqrt.c,bd5dbb7a648a313995cab56055f437ab65215e61d1d6fa415669e63cd3e6bd7a
drafts/retained/boktai3-decomp/wip/libm/libm_errno.c,boktai3-decomp/wip/libm/libm_errno.c,1f6361f44be0f8d8dffe420d8ef584906b1ae7348dd86abf207728910a8ed04c
drafts/retained/boktai3-decomp/wip/libm/libm_k_cos.c,boktai3-decomp/wip/libm/libm_k_cos.c,7c6ab2b6e5412e794f658391792993eea50607587e7295e49d6d7731c752f0eb
drafts/retained/boktai3-decomp/wip/libm/libm_k_rem_pio2.c,boktai3-decomp/wip/libm/libm_k_rem_pio2.c,31ce6ca360bed4052777fb9ba806d8e1d9088a59648a1445c2fe98b30af1b27e
drafts/retained/boktai3-decomp/wip/libm/libm_k_sin.c,boktai3-decomp/wip/libm/libm_k_sin.c,3f13181cdaca66b1cc460d9a333592125e8ac45be8db5081766d623c98df4833
drafts/retained/boktai3-decomp/wip/libm/libm_k_tan.c,boktai3-decomp/wip/libm/libm_k_tan.c,215de612c7f8fc5ae3dc5faaf4e6154b951927c0d1695b86cab789e18396be3e
drafts/retained/boktai3-decomp/wip/libm/libm_s_atan.c,boktai3-decomp/wip/libm/libm_s_atan.c,0a0a5dca6f7587c4e652e6370fc8479ea5e2a3ba0b8ffe78f4fd2f9c433bdd1b
drafts/retained/boktai3-decomp/wip/libm/libm_s_copysign.c,boktai3-decomp/wip/libm/libm_s_copysign.c,2f0c6a6af0614cd096d73befeb92e067df3e299a78b6ae74860649bc38858a76
drafts/retained/boktai3-decomp/wip/libm/libm_s_cos.c,boktai3-decomp/wip/libm/libm_s_cos.c,9afc1565bd8950213c298de66f50f64cf08bbf396d7bdf7c8cf758892120be79
drafts/retained/boktai3-decomp/wip/libm/libm_s_fabs.c,boktai3-decomp/wip/libm/libm_s_fabs.c,94095df7d8d8a18996030c90c57c1e22a167fefd2f51d5c80a1dfda0666e5962
drafts/retained/boktai3-decomp/wip/libm/libm_s_floor.c,boktai3-decomp/wip/libm/libm_s_floor.c,7358ae657e43718e868c6b3bcab5bab212bb48c2345c34369cd97bb439d1eeda
drafts/retained/boktai3-decomp/wip/libm/libm_s_isnan.c,boktai3-decomp/wip/libm/libm_s_isnan.c,a4133ca356c9f5f086881a50676acc14a35b40fa71b44553ec352579168ac4a0
drafts/retained/boktai3-decomp/wip/libm/libm_s_matherr.c,boktai3-decomp/wip/libm/libm_s_matherr.c,d2a5c27cbf42bb45ecbc1905c1c7b8089667037b45c1449d1d7a11c65af79d0f
drafts/retained/boktai3-decomp/wip/libm/libm_s_scalbn.c,boktai3-decomp/wip/libm/libm_s_scalbn.c,00bdfce1aebdb378f592afc028399e4f76b72fb668f7bf359b9bf5c83085747b
drafts/retained/boktai3-decomp/wip/libm/libm_s_sin.c,boktai3-decomp/wip/libm/libm_s_sin.c,4290800f30e13d6b759c8fca527994ae95a0518a60375cbb59d4e283de3b73dc
drafts/retained/boktai3-decomp/wip/libm/libm_s_tan.c,boktai3-decomp/wip/libm/libm_s_tan.c,a731b6dbc40d504cb6f76aee051198a68131aab2bdedad2cfa67e8c874e48be5
drafts/retained/boktai3-decomp/wip/libm/libm_w_acos.c,boktai3-decomp/wip/libm/libm_w_acos.c,e45367288a0815a929039784373995f9412c578d0493d53be4325ceddc08c437
drafts/retained/boktai3-decomp/wip/libm/libm_w_asin.c,boktai3-decomp/wip/libm/libm_w_asin.c,8338522055d0538c394730b4a73fac766c19ea8083e59f1419880f332861d9ec
drafts/retained/boktai3-decomp/wip/libm/libm_w_fmod.c,boktai3-decomp/wip/libm/libm_w_fmod.c,c86d7d8deaa09d54588f29cbdc07009f362f87a6836b8addcfde2d2bf36b5fe2
drafts/retained/boktai3-decomp/wip/round1/sub_081A55D4.c,boktai3-decomp/wip/round1/sub_081A55D4.c,7b95ab199fb77250fb2a681a71361ad6823164d7c080adf195fb6834f6656dc9
drafts/retained/boktai3-decomp/wip/solar/sub_08243C10.c,boktai3-decomp/wip/solar/sub_08243C10.c,079ed8d8e79dd1767364fc9f523df3df01533c0ee7ddc9844bdc25aa541e680c
drafts/retained/boktai3-decomp/wip/solar/sub_08243CDC.c,boktai3-decomp/wip/solar/sub_08243CDC.c,c21f368a72d7026df90b90ecda33eed8c7c39e9c549ea329d9c0d2149cc290c4
drafts/retained/boktai3-decomp/wip/solar/sub_08243D28.c,boktai3-decomp/wip/solar/sub_08243D28.c,ee91690576ab438e41279c17bf5ce531a1caac5efa221584269f418d4049ee89
drafts/retained/wt/push20-astra-motion/wip/byte_address.c,wt/push20-astra-motion/wip/byte_address.c,4b2b9c76e5afea969c852326ea340ac209c664fdf0e7124da5ec71d8cfb26e68
drafts/retained/wt/push20-astra-motion/wip/c470_early_pointer.c,wt/push20-astra-motion/wip/c470_early_pointer.c,b8ccca47d8cf61e78ccff78c1c5543c5daf2ceee441e8642f249c731b80175aa
drafts/retained/wt/push20-astra-motion/wip/c470_paired_struct.c,wt/push20-astra-motion/wip/c470_paired_struct.c,6678d31db079ba48176848d0c23e8efbaef83d4d789f7fff70671200f596b4cf
drafts/retained/wt/push20-astra-motion/wip/c470_signed16.c,wt/push20-astra-motion/wip/c470_signed16.c,55ee9b11a255ac2e578779c54656011a647cf3e1be69cc11a741e589c4001c66
drafts/retained/wt/push20-astra-motion/wip/c470_u16.c,wt/push20-astra-motion/wip/c470_u16.c,830743c5e263636d00fc63c0c084d259420ed3f6f231c9ee958a81ea3e56437d
drafts/retained/wt/push20-astra-motion/wip/counter_local.c,wt/push20-astra-motion/wip/counter_local.c,7c828fd388b35b7a7f888dacfbd7c7d1ea41f7184dee8b8c49618926b157b469
drafts/retained/wt/push20-astra-motion/wip/e013c-sol-best.c,wt/push20-astra-motion/wip/e013c-sol-best.c,f6fff61ba6ca6b3d7e97caae2f322070d204b0fdc4443f6b4cabdf31562d896b
drafts/retained/wt/push20-astra-motion/wip/e013c_bits32.c,wt/push20-astra-motion/wip/e013c_bits32.c,55dad5adaf101e4a4b261712270267ecb0d6d2f4d5e52a9b611f8f1b5f823d50
drafts/retained/wt/push20-astra-motion/wip/e013c_first_increment.c,wt/push20-astra-motion/wip/e013c_first_increment.c,b9099f1ee66799415e46632b51207be43746c79e95e4e5c5f2622e2ec82b08b7
drafts/retained/wt/push20-astra-motion/wip/e013c_half_local.c,wt/push20-astra-motion/wip/e013c_half_local.c,1c783c8fa57ae304995f5eec02c13e911199d1a44c2ab0b0536499d075c54639
drafts/retained/wt/push20-astra-motion/wip/e013c_inline_initial.c,wt/push20-astra-motion/wip/e013c_inline_initial.c,7798a3883d2cce2b26da2b4baa97473e242c684b89546788c890280e600f4f09
drafts/retained/wt/push20-astra-motion/wip/e013c_integer_first.c,wt/push20-astra-motion/wip/e013c_integer_first.c,d6237c3564d683f06113298cb92d0af95971b35426efc3e888a9a6af56682266
drafts/retained/wt/push20-astra-motion/wip/e013c_late_zero_bits.c,wt/push20-astra-motion/wip/e013c_late_zero_bits.c,3905e07cca9ed8de0ebee877f4f38ca89ba42589f915d727dbc2e4b79af65d27
drafts/retained/wt/push20-astra-motion/wip/e013c_register_first.c,wt/push20-astra-motion/wip/e013c_register_first.c,d26dcb37d2110f7ad2b864f5b84ac87cafff8f54f77d074f4aa92b13791a9a4a
drafts/retained/wt/push20-astra-motion/wip/e013c_separate_size.c,wt/push20-astra-motion/wip/e013c_separate_size.c,174a8049b73422db017f1f778a29b22705d19476d442eb508d9369d9743de928
drafts/retained/wt/push20-astra-motion/wip/e013c_struct_object.c,wt/push20-astra-motion/wip/e013c_struct_object.c,66e8738b768212f1fa341a02c9eef749e41e34504f2f65487e4d3a6151f4c03a
drafts/retained/wt/push20-astra-motion/wip/e013c_unsigned_offsets.c,wt/push20-astra-motion/wip/e013c_unsigned_offsets.c,bf5cce7996ffe610540b015465adf93b03774677e05c587daef2c8b0e87fd0c5
drafts/retained/wt/push20-astra-motion/wip/finish-existing-fdb4-2.c,wt/push20-astra-motion/wip/finish-existing-fdb4-2.c,0921b355015e25235e56a393874851a2eaff2463d87e4329ed98a84f4bae3f62
drafts/retained/wt/push20-astra-motion/wip/finish-existing-fdb4-3.c,wt/push20-astra-motion/wip/finish-existing-fdb4-3.c,b1e36ced3da079972cbd857061bd7528d2f194a50e359511e46c39823ef653e2
drafts/retained/wt/push20-astra-motion/wip/finish-existing-fdb4.c,wt/push20-astra-motion/wip/finish-existing-fdb4.c,bfc7f593e35e7e395d8eca574c2859e8b159f0f2fb8a05cd6118d1052fc21cf8
drafts/retained/wt/push20-astra-motion/wip/inline_direction.c,wt/push20-astra-motion/wip/inline_direction.c,f63ccc0c14bf7c77fef46119c39fb4adfdc6fdfe338b323ee0285735eaaaa147
drafts/retained/wt/push20-astra-motion/wip/inline_random.c,wt/push20-astra-motion/wip/inline_random.c,c636b4239cc359041630badd42a766142ca93b0d2206ffccb6eee4a2d5bfe736
drafts/retained/wt/push20-astra-motion/wip/math_both_exits.c,wt/push20-astra-motion/wip/math_both_exits.c,ca4da35971d6b7d387e995ce26e173c758393d0aaba0ee855895f2448fa634e7
drafts/retained/wt/push20-astra-motion/wip/math_direct_final.c,wt/push20-astra-motion/wip/math_direct_final.c,74a87a003c102eb1c2adbb202bc36ddfb0cfb316fe29ab8ad0b3e0a1033e2ab1
drafts/retained/wt/push20-astra-motion/wip/math_early_rise.c,wt/push20-astra-motion/wip/math_early_rise.c,d348ee735146640a77dc6546f4577ebc4da9c660a98f6212e0ace85bf243552f
drafts/retained/wt/push20-astra-motion/wip/math_mode2_exit.c,wt/push20-astra-motion/wip/math_mode2_exit.c,a8f47ca104a84dbd32a3a8d5beae814978447e2e38600d4d65208ddf24c34705
drafts/retained/wt/push20-astra-motion/wip/math_mode2_nested.c,wt/push20-astra-motion/wip/math_mode2_nested.c,7d9cd910708a876b0a31c611959ccc0dade320f7f61d5543893284995d42735c
drafts/retained/wt/push20-astra-motion/wip/math_mode2_reload.c,wt/push20-astra-motion/wip/math_mode2_reload.c,76b55e9b3ac1ea3b9bf7664b9910e0cfc5efb965c9a5e51092f9d2bf785aec8d
drafts/retained/wt/push20-astra-motion/wip/math_mode3_exit.c,wt/push20-astra-motion/wip/math_mode3_exit.c,87fbd02b24ebe167d957228176926004283f8ce10125f7fe472d87f15a482186
drafts/retained/wt/push20-astra-motion/wip/math_mode3_sum.c,wt/push20-astra-motion/wip/math_mode3_sum.c,d155c0b7fa70b663c8f3addeeb9d221a62e38c499b9837cd40c3dafa7fddb195
drafts/retained/wt/push20-astra-motion/wip/math_no_final_reload.c,wt/push20-astra-motion/wip/math_no_final_reload.c,ce9878df482ffaf06561a1760977364dc1792537141972abfc14e8b5a2a3c52b
drafts/retained/wt/push20-astra-motion/wip/math_separate_final.c,wt/push20-astra-motion/wip/math_separate_final.c,de8f691a56004483d94681cab30cb700e6856b997f71f0fbea70b57633e94a53
drafts/retained/wt/push20-astra-motion/wip/motion_resume_direction_pointer_lifetime.c,wt/push20-astra-motion/wip/motion_resume_direction_pointer_lifetime.c,9efa72c8b35af2ad9092aba7e023ce968ccb9065226fd3c3c89c0a83d4d18e3a
drafts/retained/wt/push20-astra-motion/wip/motion_resume_radius_pointer_lifetime.c,wt/push20-astra-motion/wip/motion_resume_radius_pointer_lifetime.c,dfb862c122be6fc5a73c18338674d03b5451aaa1f854dba9c80c494b8ed8e755
drafts/retained/wt/push20-astra-motion/wip/motion_resume_rng_assignment_expression.c,wt/push20-astra-motion/wip/motion_resume_rng_assignment_expression.c,8054d48b56f5621c609a88a3290333c864e695e561d86d953ad7909e9a39f8ee
drafts/retained/wt/push20-astra-motion/wip/motion_resume_signed_index.c,wt/push20-astra-motion/wip/motion_resume_signed_index.c,9ddf5f0af505dbd069bb721cf352bf1de7fce3cd576b08bfe42ece622d333e8f
drafts/retained/wt/push20-astra-motion/wip/object_struct.c,wt/push20-astra-motion/wip/object_struct.c,76b61bcd6900b0e0423213756f73b14fd543ec97c728a9490936de8f2ae8f4e6
drafts/retained/wt/push20-astra-motion/wip/register_locals.c,wt/push20-astra-motion/wip/register_locals.c,19a323f8d0a1a791928a0491d175e50c3c21f609da80a0865a5361771111a45a
drafts/retained/wt/push20-astra-motion/wip/result_local.c,wt/push20-astra-motion/wip/result_local.c,fb19cbfb889a38f622969a9c725b57f7a22720d4f75af7d5e3f31e61e1f0d798
drafts/retained/wt/push20-astra-motion/wip/sub_08160EA4.c,wt/push20-astra-motion/wip/sub_08160EA4.c,cf35be38b1bb1ee6a4f7ab1f8ee13a38f83afb950c4e49361d83fd5b1b354822
drafts/retained/wt/push20-astra-motion/wip/sub_0822A230.c,wt/push20-astra-motion/wip/sub_0822A230.c,31c38da12e9f84ceb154d0d05707a926a7814f5c13f8a9e93d73b7e83b82d348
drafts/retained/wt/push20-astra-motion/wip/table_cast_helper.c,wt/push20-astra-motion/wip/table_cast_helper.c,d0ebd6acf7383df5836c829e6c090b9290c5f89a44d4bdf2f657b803fd1d9ac7
drafts/retained/wt/push20-astra-motion/wip/table_helper.c,wt/push20-astra-motion/wip/table_helper.c,3c237b0b1e1bb74bf9cb07200b1cb76a8f355566c271fddefceabaf5c3b1aa8d
drafts/retained/wt/push20-astra-motion/wip/table_struct.c,wt/push20-astra-motion/wip/table_struct.c,73d01311524da5b0fbee0c3d4f8dea617875fec3504fd30572af8b0b111926b8
drafts/retained/wt/push20-high-last/wip/high-last/sub_0822BCE4.c,wt/push20-high-last/wip/high-last/sub_0822BCE4.c,29e208594b378bbed672b1af83d025ffbd588fa349f735672e9d8add08c08196
drafts/retained/wt/push20-high-last/wip/high-last/sub_0822BD20.c,wt/push20-high-last/wip/high-last/sub_0822BD20.c,64bc453631cfc2a578880bff2637a9b98e6f312fbcaa3f092a121f5cbca664ba
drafts/retained/wt/push20-high-last/wip/high-last/sub_0822BE78.c,wt/push20-high-last/wip/high-last/sub_0822BE78.c,7799940dab25ac8efe6cca8ba6d7c2560fd53f5ccb6f97a53e7674c757473010
drafts/retained/wt/push20-high-last/wip/high-last/sub_0822CAA0.c,wt/push20-high-last/wip/high-last/sub_0822CAA0.c,a3ae7fada5cd6c316c8bb5f88cf8187b06f4fa078a5c72f016894432f41df4f8
drafts/retained/wt/push20-high-last/wip/high-last/sub_0822CE54.c,wt/push20-high-last/wip/high-last/sub_0822CE54.c,1761ec55d1713f071359ca96ed9a7b68baf7414ac01d01035c7d8889aee6c4d7
drafts/retained/wt/push20-high-last/wip/large-last/sub_0811FDB4-draft2.c,wt/push20-high-last/wip/large-last/sub_0811FDB4-draft2.c,cb21485e908999a8385a6897c96e0c6683e5c3fda66975602130ed7036ef43e6
drafts/retained/wt/push20-high-last/wip/large-last/sub_0811FDB4.c,wt/push20-high-last/wip/large-last/sub_0811FDB4.c,bfc7f593e35e7e395d8eca574c2859e8b159f0f2fb8a05cd6118d1052fc21cf8
drafts/retained/wt/push20-high/wip/clones/sub_08234354.c,wt/push20-high/wip/clones/sub_08234354.c,ef84190ae7358bfb5da47bbe6d2ba4000f01856fcc4e7ae89fa6d3f0b8a4cb08
drafts/retained/wt/push20-high/wip/clones/sub_082347C8.c,wt/push20-high/wip/clones/sub_082347C8.c,af35cce3fac7d069a17b095e1f0c9ad9869542c674b3f661635cf427bdb265ac
drafts/retained/wt/push20-high/wip/clones/sub_082350D8.c,wt/push20-high/wip/clones/sub_082350D8.c,d494a747e588e8e88eef63620b9d052ea6de77bccb188ba8dcde764c2617ffa7
drafts/retained/wt/push20-high/wip/clones/sub_08235D68.c,wt/push20-high/wip/clones/sub_08235D68.c,b2ce40e7d278abf3bb8902a42ff3b4d36d2ddea0a176e2207b046839734352e4
drafts/retained/wt/push20-high/wip/clones/sub_08237E7C.c,wt/push20-high/wip/clones/sub_08237E7C.c,72cb9fffd91e596fb4137fc544f53ec0833fcc0a6e3fe2b082c7c1cbdb3b2e09
drafts/retained/wt/push20-high/wip/clones/sub_08239150.c,wt/push20-high/wip/clones/sub_08239150.c,54ce0b862ffb729f37b58fcd3b871e8e6820395f0a0ea0f4ff545557b1928006
drafts/retained/wt/push20-high/wip/high/bcd2v2.c,wt/push20-high/wip/high/bcd2v2.c,c8902a5b748c319b209f7c910164ab790e5390a85e3009df2855ce607aaa6b91
drafts/retained/wt/push20-high/wip/high/bgoffsetv1.c,wt/push20-high/wip/high/bgoffsetv1.c,c665131a396bb558ee1774b66842483c2395beb91f202cf5741b5cfaa442957b
drafts/retained/wt/push20-high/wip/high/bgoffsetv3.c,wt/push20-high/wip/high/bgoffsetv3.c,a27147ed6e8a7144a293d0db8693dacf05728b9b2f45cf1812ffd66036056d70
drafts/retained/wt/push20-high/wip/high/bgresetv1.c,wt/push20-high/wip/high/bgresetv1.c,c756fafe030ca570506c27be7a97af99eb1505cfde2fecdbb2c3b6a8ff125cae
drafts/retained/wt/push20-high/wip/high/bmodev1.c,wt/push20-high/wip/high/bmodev1.c,23df051fab66c3a44cfdcaf025a72813828d150fbdcc869933f7faad24119e06
drafts/retained/wt/push20-high/wip/high/bootv1.c,wt/push20-high/wip/high/bootv1.c,5ab34bd35940e882c824ca6c1649d33280b95268bc9f53e6c168884d6436a0ff
drafts/retained/wt/push20-high/wip/high/bootv2.c,wt/push20-high/wip/high/bootv2.c,5bb970be94f941fa601ebb0320c0257d0e13ef1c4553df31e949923b77240118
drafts/retained/wt/push20-high/wip/high/carryv1.c,wt/push20-high/wip/high/carryv1.c,87cbb818b4fe7d0cbff7a918b66b82ceda141adcd3b0154d279fdbbbe5108c9f
drafts/retained/wt/push20-high/wip/high/datediffv2.c,wt/push20-high/wip/high/datediffv2.c,83196ecb31299c66c27a4cebd052def41a89184b7f2dae4737770d81203c41b9
drafts/retained/wt/push20-high/wip/high/datediffv3.c,wt/push20-high/wip/high/datediffv3.c,6c14f9f55c546830638b17aa99b9dbbc5acb13082723791356e51e2915136e04
drafts/retained/wt/push20-high/wip/high/datediffv6.c,wt/push20-high/wip/high/datediffv6.c,3b4c8e1740eb5865868436bda9d900be6722c524961ea5e88dfbb6c1ac20bce6
drafts/retained/wt/push20-high/wip/high/datediffv7.c,wt/push20-high/wip/high/datediffv7.c,282d5b0896d6c41c011b6bd856dd87c18c2ed64489beffd600e899965a90e2d4
drafts/retained/wt/push20-high/wip/high/datediffv8.c,wt/push20-high/wip/high/datediffv8.c,0754544957ac8435b5806ee571ee7c16a1c31e06ff4e23e25237401505f81d68
drafts/retained/wt/push20-high/wip/high/dmaupdatev1.c,wt/push20-high/wip/high/dmaupdatev1.c,2d11fee8277c514705a7286d8579569cce0e05f7fa06f2b0526a021f1d05f021
drafts/retained/wt/push20-high/wip/high/dmaupdatev2.c,wt/push20-high/wip/high/dmaupdatev2.c,620c59fb533391edd944d306a796e57c81008cbba9e619ed629013843a793219
drafts/retained/wt/push20-high/wip/high/dmaupdatev3.c,wt/push20-high/wip/high/dmaupdatev3.c,12141fea945dd0be0537af1f6649e508520182079dc7d2791ca3538a52132b11
drafts/retained/wt/push20-high/wip/high/effectv1.c,wt/push20-high/wip/high/effectv1.c,00cdb8a0c10f4e8b9b87da75898c04cac2898b2556b8b300660d85b0ee48c2da
drafts/retained/wt/push20-high/wip/high/gettimev1.c,wt/push20-high/wip/high/gettimev1.c,6cf97f8734877b67ce46dc322e57da18f7bf8a20d3ced38366e0ce9f1fac9221
drafts/retained/wt/push20-high/wip/high/gettimev2.c,wt/push20-high/wip/high/gettimev2.c,8c89bedad9c09402cf6b27ab899e6df56ce339873861a20a1000a798a908342d
drafts/retained/wt/push20-high/wip/high/gettimev3.c,wt/push20-high/wip/high/gettimev3.c,83903956e7d85247bf6495ae3ab5c95ce3c51d33712e8436e87480d1475711d5
drafts/retained/wt/push20-high/wip/high/gettimev4.c,wt/push20-high/wip/high/gettimev4.c,3e5a295a5b98c69d1447362d988bddaabd27ff13eed3c92f281bbc36eb7531ec
drafts/retained/wt/push20-high/wip/high/initv1.c,wt/push20-high/wip/high/initv1.c,4a2ea799551523e460dab4c7257580d972f3d72c4a47e9b99c86a1d792b54e90
drafts/retained/wt/push20-high/wip/high/objectv1.c,wt/push20-high/wip/high/objectv1.c,7ca0c2a1880a26d2f9be98ce575b07cad0f371f5ccd99852f4184cfaf4b881c4
drafts/retained/wt/push20-high/wip/high/objectv3.c,wt/push20-high/wip/high/objectv3.c,021796c01bfea7b4a80dbbf3e1d039ec9fdb1abdf38a86f0b03fc74c1423df14
drafts/retained/wt/push20-high/wip/high/objectv4.c,wt/push20-high/wip/high/objectv4.c,7426c2d2eea4f3d341155b8d7a090df4adda88657be1e9267b7c293f991443d2
drafts/retained/wt/push20-high/wip/high/objectv5.c,wt/push20-high/wip/high/objectv5.c,448f54a4c39abe20ff793f6f949ce0d6c8592bb3a61017dba3a2120d357d8a95
drafts/retained/wt/push20-high/wip/high/p1.c,wt/push20-high/wip/high/p1.c,8ce8de4e29281330b4efca19647d5728d962bbba1150a72369300ad4605d1fde
drafts/retained/wt/push20-high/wip/high/p3.c,wt/push20-high/wip/high/p3.c,cfc04e398556297015885922505172f2dae650f267bdfc270951d868509dc89e
drafts/retained/wt/push20-high/wip/high/p7.c,wt/push20-high/wip/high/p7.c,4c41e1bda9080a3f595ee5c22bbc201db67e89e4b7eef86199866a841b268aa6
drafts/retained/wt/push20-high/wip/high/p9.c,wt/push20-high/wip/high/p9.c,a13cb231aa068530393cde53bdad0d12dd8a84c0d32684f9f9aac62e6524ffc5
drafts/retained/wt/push20-high/wip/high/retryv1.c,wt/push20-high/wip/high/retryv1.c,2fcfdc8d4de401e7bf3e4d6401e22dcd8f72dfe8eb19f13641e3617971bcf9a4
drafts/retained/wt/push20-high/wip/high/settimev3.c,wt/push20-high/wip/high/settimev3.c,64e3b0b0a1b779558750ba25874d6539bf077b7d85e92157351b6f9e6357d93e
drafts/retained/wt/push20-high/wip/high/sub_08201160.c,wt/push20-high/wip/high/sub_08201160.c,68de7937e2fcdfe85dd6def07473b1cc09d1fd8b03fd301b40247345d1fd918b
drafts/retained/wt/push20-high/wip/high/sub_08201784.c,wt/push20-high/wip/high/sub_08201784.c,36f255bdb4adc0fa819415b6dfa5731aef5a25392033deae0f49f5c0baf5bce6
drafts/retained/wt/push20-high/wip/high/sub_0820267C.c,wt/push20-high/wip/high/sub_0820267C.c,2264ec2867651817409ee50227df6dfe472248885103733fabdd57306f71647f
drafts/retained/wt/push20-high/wip/high/sub_0820B174.c,wt/push20-high/wip/high/sub_0820B174.c,7b0c3ada6f5b7ad32c5b0f3dadb1fcb22eceb22b02f72d75fe817c02e0d7dad9
drafts/retained/wt/push20-high/wip/high/sub_0820D934.c,wt/push20-high/wip/high/sub_0820D934.c,b359fd0fc2fc8b0541ed946b2e3f8367a20369d551ee983f393c4b4ec970764e
drafts/retained/wt/push20-high/wip/high/sub_0820DE60.c,wt/push20-high/wip/high/sub_0820DE60.c,25d326db932e95bee8665e9628426ee2c6e0fb1f7bcdc867c474ebd007faaa7d
drafts/retained/wt/push20-high/wip/high/sub_08210CB0.c,wt/push20-high/wip/high/sub_08210CB0.c,e46fd74fa1eaeaf229a0adf15a4acf1785e76ff2b173081186fb8fb6c8841df6
drafts/retained/wt/push20-high/wip/high/sub_08210D60.c,wt/push20-high/wip/high/sub_08210D60.c,706b0b3655ffc8bd2bb394873bd377bfa1891a0c3da15791314391a4a3c97682
drafts/retained/wt/push20-high/wip/high/sub_08211288.c,wt/push20-high/wip/high/sub_08211288.c,bac4e7aa6a42015e8d3a3bec9207e34fc17da5e17e075a5501473cdff2350572
drafts/retained/wt/push20-high/wip/high/sub_0821159C.c,wt/push20-high/wip/high/sub_0821159C.c,c887c636d0a70ab925ed34cd107bd1980d8366794e98503e68abf01db431b3be
drafts/retained/wt/push20-high/wip/high/sub_08211C78.c,wt/push20-high/wip/high/sub_08211C78.c,21ff6d738b92fd2582ac0ade8f7e2054cc261162652c1e9f56aa86963c5c800b
drafts/retained/wt/push20-high/wip/high/sub_08212170.c,wt/push20-high/wip/high/sub_08212170.c,6f695395dd1f2a58523375e00173a31087ed8a0220c29e7645bee5ebbe10f362
drafts/retained/wt/push20-high/wip/high/sub_08212424.c,wt/push20-high/wip/high/sub_08212424.c,f1625ffc5e3e4a80f0693d2927ba46e648ac58133bd17c3dab85ec6fa04fe8f1
drafts/retained/wt/push20-high/wip/high/sub_08212870.c,wt/push20-high/wip/high/sub_08212870.c,a50cf4c97a4fcb1863d1432efaad530aab914d34b9b33eff9fdcac466e94c484
drafts/retained/wt/push20-high/wip/high/sub_082131E4.c,wt/push20-high/wip/high/sub_082131E4.c,ba5ac6e21d4b0e64a83678082cc574aa9d5745d718bff4dae34f1c24349c5da1
drafts/retained/wt/push20-high/wip/high/sub_082133BC.c,wt/push20-high/wip/high/sub_082133BC.c,71362d71dc4147229080c1104725371f08ecfac788f1715a973ae6e58b294b1e
drafts/retained/wt/push20-high/wip/high/sub_08213810.c,wt/push20-high/wip/high/sub_08213810.c,814f04d88da237f05b6b700e95bbc336e68fad3c1efc31860f65b92373405646
drafts/retained/wt/push20-high/wip/high/sub_08213D10.c,wt/push20-high/wip/high/sub_08213D10.c,79a11d4e88cf11184746df52efe3fd2b18cb9fb5053166b80c5e7503c19aa829
drafts/retained/wt/push20-high/wip/high/sub_08213DCC.c,wt/push20-high/wip/high/sub_08213DCC.c,f4f8887c1402b044b7fbde7160b79836dc3a1e30a3425514fcdf92fb52fcf38a
drafts/retained/wt/push20-high/wip/high/sub_08213FD8.c,wt/push20-high/wip/high/sub_08213FD8.c,e79ebca3d3726664eb2425a995ef058fbd482c9ef32a04cd4df5a6cf0e70a043
drafts/retained/wt/push20-high/wip/high/sub_082141C0.c,wt/push20-high/wip/high/sub_082141C0.c,9cb6f6619bd5a9bb16a919f38e6c3f7be13eec2cdc481728f33f53e50112b77d
drafts/retained/wt/push20-high/wip/high/sub_0821425C.c,wt/push20-high/wip/high/sub_0821425C.c,dc5dfc1e12cbe7472429a4cda8dba9087005848c12820e97f74554bf5ead54a5
drafts/retained/wt/push20-high/wip/high/sub_08215400.c,wt/push20-high/wip/high/sub_08215400.c,1d8069d13f1ed10dce21dc5e653e9b2340c0e26c8fa8ec32c4e58d462f17997c
drafts/retained/wt/push20-high/wip/high/sub_082157EC.c,wt/push20-high/wip/high/sub_082157EC.c,c9d2cdb4665775426104619657a50f76657c4e7dc430f8c10c89dae5d985d497
drafts/retained/wt/push20-high/wip/high/sub_082158B0.c,wt/push20-high/wip/high/sub_082158B0.c,ee846c476a7c06b86473a9991adbc124183523780580511a42660da4e01e3ed0
drafts/retained/wt/push20-high/wip/high/sub_082259A0.c,wt/push20-high/wip/high/sub_082259A0.c,b3a95888a83dfb1a9579675a795dc9cd2d18d88a0208bc5b009ceda3ddfce747
drafts/retained/wt/push20-high/wip/high/sub_08226670.c,wt/push20-high/wip/high/sub_08226670.c,d615197214a72a4c784c1e72a55fcdd01c05aa009c361cd52c60ddabdce88944
drafts/retained/wt/push20-high/wip/high/sub_082266D4.c,wt/push20-high/wip/high/sub_082266D4.c,413257935529497d3c2cf7c0174ded7d2ab45b4ebd87b5f476aa44efa6c29202
drafts/retained/wt/push20-high/wip/high/sub_0822780C.c,wt/push20-high/wip/high/sub_0822780C.c,066e81635ff94f0e0143bfc1e5ad6f2dde78dccdcc1d9bc99c8ed8759eb216e1
drafts/retained/wt/push20-high/wip/high/sub_08227ECC.c,wt/push20-high/wip/high/sub_08227ECC.c,76488d19120fd49e4b871f4994e7ecc703f85eee621dec05cb12c0317b014523
drafts/retained/wt/push20-high/wip/high/sub_08228508.c,wt/push20-high/wip/high/sub_08228508.c,09340c11c4eaf8259a117fe4fef563314beb9dfc76a2857c89637ef82a598c4b
drafts/retained/wt/push20-high/wip/high/sub_082285C4.c,wt/push20-high/wip/high/sub_082285C4.c,00eef83ade6d6a04073da926cd51682151bd386a668ee71e4b4ff98fd717cc0f
drafts/retained/wt/push20-high/wip/high/sub_0822867C.c,wt/push20-high/wip/high/sub_0822867C.c,3ef7240383a58fa918b9a2daafbcdd7bfa7d54fa0c0597eb30855b800e2ba28d
drafts/retained/wt/push20-high/wip/high/sub_082286E0.c,wt/push20-high/wip/high/sub_082286E0.c,1d77e136dbf34a42fd6a4899439ef5cad7cf29f69de4caf0d60ff5f5a598fb3d
drafts/retained/wt/push20-high/wip/high/sub_0822874C.c,wt/push20-high/wip/high/sub_0822874C.c,7584b848337555fbe7f9b377ab5b83c98a03e50337ff4ab717d1a58ae56eb213
drafts/retained/wt/push20-high/wip/high/sub_08228848.c,wt/push20-high/wip/high/sub_08228848.c,a5e8ba458cd25f157d8746e4bf9ae369165c4bd0bfca7c2905086ba8370c11eb
drafts/retained/wt/push20-high/wip/high/sub_08228EA0.c,wt/push20-high/wip/high/sub_08228EA0.c,419d2b7aac2842671fb181f3c947617e5aca9f8f429cc367d7ed6400fbf81a34
drafts/retained/wt/push20-high/wip/high/sub_08228F40.c,wt/push20-high/wip/high/sub_08228F40.c,3ce0bd4eccac2d25c32a26ba912b579c29ed8613ff856fb1ad7b629841fa2ad6
drafts/retained/wt/push20-high/wip/high/sub_082290F4.c,wt/push20-high/wip/high/sub_082290F4.c,3b69f01c434a1fa7698336712afd2fa347853d9b4cf90f2fdac3fb8b13f9c5bd
drafts/retained/wt/push20-high/wip/high/sub_08229180.c,wt/push20-high/wip/high/sub_08229180.c,68525546328d736c6dc50342cd9cb648b80d12c62f06a87cf064d90c21bddaa1
drafts/retained/wt/push20-high/wip/high/sub_08229258.c,wt/push20-high/wip/high/sub_08229258.c,216efd15b751a9a07cd391108c88538752404ebcf399d3a7c98d1f54497b5dc3
drafts/retained/wt/push20-high/wip/high/sub_08229380.c,wt/push20-high/wip/high/sub_08229380.c,bf43d8672b531053ccff08fe488657dbbff50393a6d84fef4d08b88b993d7b58
drafts/retained/wt/push20-high/wip/high/sub_0822B180.c,wt/push20-high/wip/high/sub_0822B180.c,8b99c435de70001e6ffe78eb575076c9ba4beba2ffda240c8c88a34f0cbf8d2e
drafts/retained/wt/push20-high/wip/high/sub_0822B1D8.c,wt/push20-high/wip/high/sub_0822B1D8.c,74c1f83e3b0e0ebdc8182d5e966eaf835861700bcab290090dbcc2e06a1ee60a
drafts/retained/wt/push20-high/wip/high/sub_0822B298.c,wt/push20-high/wip/high/sub_0822B298.c,83ce9d114a403ce0ea7d9950a0762bee6616c64fff836c17d63eed8cb38a7d5c
drafts/retained/wt/push20-high/wip/high/sub_0822B5FC.c,wt/push20-high/wip/high/sub_0822B5FC.c,36d6428b941c272ee05517608c74b8d7d7141add14ff028ac5a39af35e167999
drafts/retained/wt/push20-high/wip/high/sub_0822B6C8.c,wt/push20-high/wip/high/sub_0822B6C8.c,7987102b696a7715d4b09bda55d594eb9617f16094debf0e5f72a2fd90ff2541
drafts/retained/wt/push20-high/wip/high/sub_0822B7E4.c,wt/push20-high/wip/high/sub_0822B7E4.c,e771ea7fc568bff1a151a45a7a85b5249180fe64e3317ea446587ff617fbe2d8
drafts/retained/wt/push20-high/wip/high/sub_0822B968.c,wt/push20-high/wip/high/sub_0822B968.c,0f229c80eb3b1dfb11196a1573eb9c2f10b71d6636164e38ced2d5daadc9fb1a
drafts/retained/wt/push20-high/wip/high/sub_0822BBD8.c,wt/push20-high/wip/high/sub_0822BBD8.c,bca3fb456e8bbaea00901c91ba64bc914c417a7b6473ec5efb304fa53a596014
drafts/retained/wt/push20-high/wip/high/sub_0822BC6C.c,wt/push20-high/wip/high/sub_0822BC6C.c,f8bbeeda6ef9bb57368f31a80a3ff18251b5741edaaa59a299f0cda7897dee1c
drafts/retained/wt/push20-high/wip/high/sub_0822C0CC.c,wt/push20-high/wip/high/sub_0822C0CC.c,91a207b2ed2b05dcdf021b951d8c8bd8354d70b730d46806c583ab7bdad28189
drafts/retained/wt/push20-high/wip/high/sub_0822C3B8.c,wt/push20-high/wip/high/sub_0822C3B8.c,1b8526a03eabb0d404c22f16058f55639658ecaa47668ba043ce49fcd43ca7f4
drafts/retained/wt/push20-high/wip/high/sub_0822C404.c,wt/push20-high/wip/high/sub_0822C404.c,2fb62bda43621947ed8b1b18a5a4a32ec7bb5487e832958b0a4f3550ae576ca6
drafts/retained/wt/push20-high/wip/high/sub_0822C824.c,wt/push20-high/wip/high/sub_0822C824.c,9b1b5d5ae41b38ffc393d00e12c890ac8da321db984dccfea9e27683e7784d63
drafts/retained/wt/push20-high/wip/high/sub_0822D080.c,wt/push20-high/wip/high/sub_0822D080.c,6d96a63cf6c469436e85cdacfde16ced49009720c3a471f4d4979bddc69bcb5d
drafts/retained/wt/push20-high/wip/high/sub_0822ED7C.c,wt/push20-high/wip/high/sub_0822ED7C.c,c59930a3393f7df7387d276e1a53668b688d8d815c5d7ef785d45c267333952a
drafts/retained/wt/push20-high/wip/high/sub_0822EDF8.c,wt/push20-high/wip/high/sub_0822EDF8.c,cd721bbd00a5802baaaf349aa9a255b3cf90c86c7c2e57b01fed8f906659aba2
drafts/retained/wt/push20-high/wip/high/sub_0822EE68.c,wt/push20-high/wip/high/sub_0822EE68.c,9957cd20cc2ca91d00aecfb691e9e2d2585159a3b0bcf809daec6b2b50dc1c18
drafts/retained/wt/push20-high/wip/high/sub_08231EF8.c,wt/push20-high/wip/high/sub_08231EF8.c,4d60053715fea603438caee4d79604ec0ec39c58edf13f61d351e3d89e6fe470
drafts/retained/wt/push20-high/wip/high/sub_082329D4.c,wt/push20-high/wip/high/sub_082329D4.c,6579e566510f8df92a6eb35f588c8534a9cbad28d497578b34b732b56135d38a
drafts/retained/wt/push20-high/wip/high/sub_08232ED4.c,wt/push20-high/wip/high/sub_08232ED4.c,338c8ca104cb7f26f639fb2e203adcfb591a064cde682d8fddf96fea12db2d31
drafts/retained/wt/push20-high/wip/high/sub_0823652C.c,wt/push20-high/wip/high/sub_0823652C.c,7cad44705c5c25ba69360dd25f7f08f231bd46821ff24cc6fa4a916014c9e708
drafts/retained/wt/push20-high/wip/high/text2v1.c,wt/push20-high/wip/high/text2v1.c,ebb738612aec5f435f903920bff86a0ef4da9d74b006ba76fab227ce37744eb2
drafts/retained/wt/push20-high/wip/high/text2v2.c,wt/push20-high/wip/high/text2v2.c,959c6970b681fd74251baf5ab4efcbe7893cf4cd8831493b73440dced4348f8e
drafts/retained/wt/push20-high/wip/high/text2v3.c,wt/push20-high/wip/high/text2v3.c,ebb2e19434333c68315e734440f4c6d2e409b88476398aeeea20c570d55298eb
drafts/retained/wt/push20-high/wip/high/tilecopyv1.c,wt/push20-high/wip/high/tilecopyv1.c,38ae51d4ad25b294edc5289e3b0cfc37e04c7440a03a18d05bde0b8acc25b1fb
drafts/retained/wt/push20-high/wip/high/tileinitv1.c,wt/push20-high/wip/high/tileinitv1.c,7c9670bf554492f68ab6d92a8fc7aafcd970998ce756be39f07b389a9d5c3e0c
drafts/retained/wt/push20-high/wip/high/v1.c,wt/push20-high/wip/high/v1.c,199a78fa8095c09e2404313f5d178a1438de6666f5027289c4b3023a3f383faa
drafts/retained/wt/push20-high/wip/high/v2.c,wt/push20-high/wip/high/v2.c,305bc5b9ce42d95ec98f67772b22126f75e4621d70d80088d85b4a69fab975f7
drafts/retained/wt/push20-high/wip/high/v3.c,wt/push20-high/wip/high/v3.c,4d60053715fea603438caee4d79604ec0ec39c58edf13f61d351e3d89e6fe470
drafts/retained/wt/push20-high/wip/high/vblankv1.c,wt/push20-high/wip/high/vblankv1.c,92c582f6357ce1c8b0be9f90a185520d34a2160d5ae7dcfed67457938c6d8f77
drafts/retained/wt/push20-high/wip/high/vblankv2.c,wt/push20-high/wip/high/vblankv2.c,2f81bb2c5985d2c7eb8eb45ac0878e7625a48ee38785517a6225eb541b8e1054
drafts/retained/wt/push20-high/wip/high/waveaudio1.c,wt/push20-high/wip/high/waveaudio1.c,8ddca7a9008459c7d24ee26bad53ac6c8a2932468a10523c2aad999171f4594f
drafts/retained/wt/push20-high/wip/high/wavectx1.c,wt/push20-high/wip/high/wavectx1.c,c878742977970be93988b7512e75569fa655e29ebac2cc3477be5cd3fd9aaf2c
drafts/retained/wt/push20-high/wip/high/wavefind1.c,wt/push20-high/wip/high/wavefind1.c,3d8f7dcc026e4b263c55ec34630a67f56bdf09e0797a81803156579aa0d5a7c9
drafts/retained/wt/push20-high/wip/high/wavevolume1.c,wt/push20-high/wip/high/wavevolume1.c,3d937f09c787e853e413ed012fd5f34a7fb9f68b6728adf4cd25114f62a4fa39
drafts/retained/wt/push20-integrate/wip/batch4/sub_0822BD58-finish3.c,wt/push20-integrate/wip/batch4/sub_0822BD58-finish3.c,7a0a1501251afd9ced983d562b0b4a31bea73ea407753aa531c6f15b1cd329e9
drafts/retained/wt/push20-integrate/wip/batch4/sub_0822BD58.c,wt/push20-integrate/wip/batch4/sub_0822BD58.c,d57491030af1f7f0027f464332032165ac19ffdb32b5af2c814009969bee5ff5
drafts/retained/wt/push20-integrate/wip/batch4/sub_08233B00.c,wt/push20-integrate/wip/batch4/sub_08233B00.c,d05f6206e81fc96a62f08d1a65118be186bf546a9f171f533c08bf908e7f1c67
drafts/retained/wt/push20-integrate/wip/batch4/sub_08234770.c,wt/push20-integrate/wip/batch4/sub_08234770.c,ac27f5258e05581813c4fe78dc1a4c10c47235a7fed3f59c40dcc7ed6058d1bd
drafts/retained/wt/push20-integrate/wip/batch4/sub_082347C8.c,wt/push20-integrate/wip/batch4/sub_082347C8.c,d07acc1aa0919f455e6fb666a56a26c9eb2975c947865ebeb2db181d580ab236
drafts/retained/wt/push20-integrate/wip/batch4/sub_08235000.c,wt/push20-integrate/wip/batch4/sub_08235000.c,c2521f2d53d9c938ba2fa49f15f62f91d55e9a2ec7b66002622e03349fad9be7
drafts/retained/wt/push20-integrate/wip/batch4/sub_082350D8.c,wt/push20-integrate/wip/batch4/sub_082350D8.c,1178d7d62de6f5828a2e3ec5868f1682a23194dfb46508254122aed6b28e74d9
drafts/retained/wt/push20-integrate/wip/final-pass/sub_0822C110.c,wt/push20-integrate/wip/final-pass/sub_0822C110.c,12fac7268b0a20b7fc2b102d15fdad94624f91b0a9a2751561929e0b520433d1
drafts/retained/wt/push20-integrate/wip/final-pass/sub_0822C154.c,wt/push20-integrate/wip/final-pass/sub_0822C154.c,9dd101a68703d17b1fea6483013e7287934eff62a9bbcf15760c7e5fc3bf1d2e
drafts/retained/wt/push20-integrate/wip/final-pass/sub_0822C180.c,wt/push20-integrate/wip/final-pass/sub_0822C180.c,a75bf72e8769c1edea567729bc3cca1f1fbf58ae95abdabafbd2e172621ea9a9
drafts/retained/wt/push20-integrate/wip/final-pass/sub_0822C18C.c,wt/push20-integrate/wip/final-pass/sub_0822C18C.c,f9337ef91c0cee720799cc44f2fca84f3686c0261622a9414eec4919d61a1de4
drafts/retained/wt/push20-integrate/wip/final-pass/sub_0822D080.c,wt/push20-integrate/wip/final-pass/sub_0822D080.c,7042eafff83d2cec7624eda9a186a383ef4f85bca848f6975b99c76f4ca7127a
drafts/retained/wt/push20-integrate/wip/final-pass/sub_08233924.c,wt/push20-integrate/wip/final-pass/sub_08233924.c,27b189c24adcbc1a836e80975849d8d1aed281b13b901aef27363cd4f54c2a35
drafts/retained/wt/push20-integrate/wip/final-pass/sub_082339C8.c,wt/push20-integrate/wip/final-pass/sub_082339C8.c,14294223f8c096348cccd5c030487efa2a54cf9b21745e2b6b603670fa294cb7
drafts/retained/wt/push20-integrate/wip/final-pass/sub_08233A1C.c,wt/push20-integrate/wip/final-pass/sub_08233A1C.c,d368928ff28167fcaf2a7245ff59e77ceed86099cb3986920277456e8647ace7
drafts/retained/wt/push20-integrate/wip/final-pass/sub_08233AA0.c,wt/push20-integrate/wip/final-pass/sub_08233AA0.c,b552776e2b789cd3a6e0c2d948523d4f2ff197eea5032357e75a81ac9e1d0be4
drafts/retained/wt/push20-integrate/wip/final-pass/sub_082346EC.c,wt/push20-integrate/wip/final-pass/sub_082346EC.c,276985c0c28429e394342ce4739129202a52549e19c85ff66974d4b86619d2e8
drafts/retained/wt/push20-integrate/wip/final-pass/sub_08239C80.c,wt/push20-integrate/wip/final-pass/sub_08239C80.c,913449005ffb94e25764cf14f69ca38e426bddc4ad8ebf66c8b3501edfb91e7e
drafts/retained/wt/push20-integrate/wip/final-pass/sub_0823A2E4.c,wt/push20-integrate/wip/final-pass/sub_0823A2E4.c,017d2f46d25ce220f10063e9b70a4a7b21412730f857439bf48145525323f447
drafts/retained/wt/push20-integrate/wip/final-pass/sub_0823ACD0.c,wt/push20-integrate/wip/final-pass/sub_0823ACD0.c,53513593706cb804cd966d77849f8faa2b9daeb8a698c8a14785af7712b96df8
drafts/retained/wt/push20-integrate/wip/final-pass/sub_0823ADB4.c,wt/push20-integrate/wip/final-pass/sub_0823ADB4.c,8fe428536a31b59473ce3e97fdd85f9123e62b980b9cbf2b00105066da4ca88c
drafts/retained/wt/push20-integrate/wip/final-pass/sub_0823B278.c,wt/push20-integrate/wip/final-pass/sub_0823B278.c,a27b6ed0faf22211d0f1227218c54431ef2ffbe88e2f857a76d0a46517036232
drafts/retained/wt/push20-integrate/wip/finish-existing/sub_080033FC.c,wt/push20-integrate/wip/finish-existing/sub_080033FC.c,dd2d0aca1865e22df5f687c884e1e59417821bee718b840c77b913aa42428a79
drafts/retained/wt/push20-integrate/wip/finish-existing/sub_08011AA4.c,wt/push20-integrate/wip/finish-existing/sub_08011AA4.c,adbf8a484a2cebf39ba253505fac1659155dcafbca5a298b8e2b5a94e4e7497c
drafts/retained/wt/push20-integrate/wip/finish-existing/sub_08011C00.c,wt/push20-integrate/wip/finish-existing/sub_08011C00.c,4154d44948b6ca454776a71928cb165ef3be012b8f185b6e80d19eada2d72d96
drafts/retained/wt/push20-integrate/wip/finish-existing/sub_08016FE0.c,wt/push20-integrate/wip/finish-existing/sub_08016FE0.c,07f294b63f95c0ebbdadc2b57d2b632d774ea2a32351e84d36851f18b8dcac73
drafts/retained/wt/push20-integrate/wip/finish-existing/sub_080182FC.c,wt/push20-integrate/wip/finish-existing/sub_080182FC.c,f7649894cbf44cc9c60f89ea05c45084428cf63019affebd02a156e43f3f06f3
drafts/retained/wt/push20-integrate/wip/finish-existing/sub_0801959C.c,wt/push20-integrate/wip/finish-existing/sub_0801959C.c,12a19decc6af968ec650b84545d3bb2c85aa8ee462f0caaa9f3b15cb472f9c3b
drafts/retained/wt/push20-integrate/wip/finish-existing/sub_0801973C.c,wt/push20-integrate/wip/finish-existing/sub_0801973C.c,0fdc3687d1d82467265330ce6d69ded357fcc99b03c1d03cc3866bd8deaef545
drafts/retained/wt/push20-integrate/wip/finish-existing/sub_0802C620.c,wt/push20-integrate/wip/finish-existing/sub_0802C620.c,99b776edcdffc9d8fa1b922d1edcea28c82f051378306409da26463492ce810d
drafts/retained/wt/push20-integrate/wip/finish-existing/sub_080379D8.c,wt/push20-integrate/wip/finish-existing/sub_080379D8.c,de6459eba1b448d703911b5039211c60d562b7444f0c5e61408e8f54d80efb3b
drafts/retained/wt/push20-integrate/wip/finish-existing/sub_0803A4D4.c,wt/push20-integrate/wip/finish-existing/sub_0803A4D4.c,fffd14666d0a622335f482571e52c395321364db591434e8bab69d12bf943d46
drafts/retained/wt/push20-integrate/wip/finish-existing/sub_0803D5A8.c,wt/push20-integrate/wip/finish-existing/sub_0803D5A8.c,5dc5e48a04392507f1eb645c5b2048900eca4154f8a4caa1f992f2a1aeb016d3
drafts/retained/wt/push20-integrate/wip/finish-existing/sub_0803F458.c,wt/push20-integrate/wip/finish-existing/sub_0803F458.c,502ca7d9a1f4a893ef008c7249ae33591cf0e02306c5d56efc6944fb51a601f7
drafts/retained/wt/push20-integrate/wip/finish-existing/sub_08042158.c,wt/push20-integrate/wip/finish-existing/sub_08042158.c,823396c20b5d6d37b1d951b503eb689f4b936c4f860d395f90f069c2259d8b12
drafts/retained/wt/push20-integrate/wip/finish-existing/sub_08043C24.c,wt/push20-integrate/wip/finish-existing/sub_08043C24.c,5495f4297a595321b4c37448b52407174553f4c32f79ca7fa463bca28d5f03e3
drafts/retained/wt/push20-integrate/wip/finish-existing/sub_08043CE0.c,wt/push20-integrate/wip/finish-existing/sub_08043CE0.c,0d151cafd306fa5660fdff87e33cedd85e3127b272316f04b7919efcb087e66a
drafts/retained/wt/push20-integrate/wip/finish-existing/sub_080447AC.c,wt/push20-integrate/wip/finish-existing/sub_080447AC.c,2a9d933f5f4d143c4da8ef73a575a624cbe3a2984e6ce8784174eb37fb2edd07
drafts/retained/wt/push20-integrate/wip/finish-existing/sub_08044814.c,wt/push20-integrate/wip/finish-existing/sub_08044814.c,dfe6a5feaeb846ccae4aa3efa9ec4a7ffd993c98371bc8c33524c389be73a711
drafts/retained/wt/push20-integrate/wip/finish-existing/sub_08045704.c,wt/push20-integrate/wip/finish-existing/sub_08045704.c,c8a260206b0a7506906465101fbf15deffb136b72a67c0afd8cd9c22d6e3179d
drafts/retained/wt/push20-integrate/wip/finish-existing/sub_08045744.c,wt/push20-integrate/wip/finish-existing/sub_08045744.c,b56ec2d3c5be0c8a774ff6ca10523dc834fe90bf8795d92b3e58a5835d6048e3
drafts/retained/wt/push20-integrate/wip/finish-existing/sub_08045CB0.c,wt/push20-integrate/wip/finish-existing/sub_08045CB0.c,fa0c41bc4b67ab8d24b4e7464b4b1c901a2ba3b8b0a41a268e65953dc3ac9de9
drafts/retained/wt/push20-integrate/wip/finish-existing/sub_08047258.c,wt/push20-integrate/wip/finish-existing/sub_08047258.c,6b514bccd2e274c9ba3721980efb63d87ce325170b95ab5e648ef445fff25224
drafts/retained/wt/push20-integrate/wip/finish-existing/sub_080474A0.c,wt/push20-integrate/wip/finish-existing/sub_080474A0.c,1be884468469ca268d8eeeb05a7e0bb99e16cdb67fa6c41514b9f8877f9d7ce3
drafts/retained/wt/push20-integrate/wip/finish-existing/sub_0805E880.c,wt/push20-integrate/wip/finish-existing/sub_0805E880.c,26a94ed5f88eacd783eb41571673adc6be898f0fe86fb28a884d7b7c64c55be2
drafts/retained/wt/push20-integrate/wip/finish-existing/sub_08069668.c,wt/push20-integrate/wip/finish-existing/sub_08069668.c,493c281eb6ab65631205b3dc43f80435366c49ec52bd4abde4d7ea80400c89cc
drafts/retained/wt/push20-integrate/wip/finish-existing/sub_0806A5B4.c,wt/push20-integrate/wip/finish-existing/sub_0806A5B4.c,164d0415e6bd012fdbd5645185520c44005732f6da2f84a848db849013e4ed0c
drafts/retained/wt/push20-integrate/wip/finish-existing/sub_08093330.c,wt/push20-integrate/wip/finish-existing/sub_08093330.c,85e4ec1d1f654c5235a6633098f5cc6f2f55ba78e03f80a83a18a110a198e3ce
drafts/retained/wt/push20-integrate/wip/finish-existing/sub_08097BC0-finish2.c,wt/push20-integrate/wip/finish-existing/sub_08097BC0-finish2.c,457be0d21d38580bf8cfeeae4c6e3c2eae35baf6e1c8566dd2ee905cb5e40dc5
drafts/retained/wt/push20-integrate/wip/finish-existing/sub_08097BC0.c,wt/push20-integrate/wip/finish-existing/sub_08097BC0.c,6de6e6e0b439c43744c9353fc5bb138aedc37af2e49f421015ff7fdb591a04cf
drafts/retained/wt/push20-integrate/wip/finish-existing/sub_080C5314.c,wt/push20-integrate/wip/finish-existing/sub_080C5314.c,64e79d5c2950fbd34a60ab351c05687012447ebdaa87204cf5e8662e3e9675e9
drafts/retained/wt/push20-integrate/wip/finish-existing/sub_080F4A0C.c,wt/push20-integrate/wip/finish-existing/sub_080F4A0C.c,076d8f2e9a0efc5a786fb35072ff840942d8e816e80b6c71287234150f086cc7
drafts/retained/wt/push20-integrate/wip/finish-existing/sub_080F6170.c,wt/push20-integrate/wip/finish-existing/sub_080F6170.c,3e4c263254988dfdfb0f172e7d5273ee3f42904407e36a28cd8130d35f490ba1
drafts/retained/wt/push20-integrate/wip/finish-existing/sub_080F61C8.c,wt/push20-integrate/wip/finish-existing/sub_080F61C8.c,6f718862e3796c89cc2caeebbbe7bec3d821fdca8229be54c5d2b52afbce3f04
drafts/retained/wt/push20-integrate/wip/finish-existing/sub_08125B68-finish2.c,wt/push20-integrate/wip/finish-existing/sub_08125B68-finish2.c,3945a74c87d7f6284f7314d2abe99f80a6ca45b3cdaa4d08ea8513217c92ca72
drafts/retained/wt/push20-integrate/wip/finish-existing/sub_08125B68.c,wt/push20-integrate/wip/finish-existing/sub_08125B68.c,147be63352e702d8aaaa677d6ae04f9822d2ce9c00510a7e33cdfca2ef854d6f
drafts/retained/wt/push20-integrate/wip/finish-existing/sub_081278E0.c,wt/push20-integrate/wip/finish-existing/sub_081278E0.c,36c74526fd12b30047343cd2912f13488207be5e7ad0d449c5a5babd7e44fd13
drafts/retained/wt/push20-integrate/wip/finish-existing/sub_0812B7AC.c,wt/push20-integrate/wip/finish-existing/sub_0812B7AC.c,9f5173dabf30bc89cc2766adfb2fedc929cbb511510787e7df0d57e173ba3588
drafts/retained/wt/push20-integrate/wip/finish-existing/sub_0812C314.c,wt/push20-integrate/wip/finish-existing/sub_0812C314.c,f5d2e334b37d005d1d6b9630d41e1db4c58107360022788716a39ed17238e556
drafts/retained/wt/push20-integrate/wip/finish-existing/sub_081388F4.c,wt/push20-integrate/wip/finish-existing/sub_081388F4.c,c822d1f187b069309335c1825745270b2b2aa03b0a4d4d63d81a7cb183cf4d04
drafts/retained/wt/push20-integrate/wip/finish-existing/sub_081392DC.c,wt/push20-integrate/wip/finish-existing/sub_081392DC.c,390efdf724278c7a1baddc1e2c27df683634b2865ae0d39b57dad42abcd387d0
drafts/retained/wt/push20-integrate/wip/finish-existing/sub_0816B47C.c,wt/push20-integrate/wip/finish-existing/sub_0816B47C.c,54c0ad825e591781ae80c9f94c8f18bf283280a9a5310976fa7f948df5086872
drafts/retained/wt/push20-integrate/wip/finish-existing/sub_0816F6B4-base.c,wt/push20-integrate/wip/finish-existing/sub_0816F6B4-base.c,5f8964f3e155877f52c614b1153cb9d37a74b735db00f6fc0bc135beed685da3
drafts/retained/wt/push20-integrate/wip/finish-existing/sub_0816F6B4.c,wt/push20-integrate/wip/finish-existing/sub_0816F6B4.c,6973b4d338316d8cdba50d14d627536f2dcb633372a562645efc456de27175ee
drafts/retained/wt/push20-integrate/wip/finish-existing/sub_08172AF4.c,wt/push20-integrate/wip/finish-existing/sub_08172AF4.c,148453e29512299490cff1c7b9ec9e2a276e22256854116bacd914880f61e673
drafts/retained/wt/push20-integrate/wip/finish-existing/sub_08175AB0.c,wt/push20-integrate/wip/finish-existing/sub_08175AB0.c,02417a2e12614613c204b6cc67575f87fece7a12634e5005e59777b70fcda8a7
drafts/retained/wt/push20-integrate/wip/finish-existing/sub_08175AD4.c,wt/push20-integrate/wip/finish-existing/sub_08175AD4.c,a001342883d708380d1887382da3c0784d8c89a99ef4133c043f16fdd04dabb3
drafts/retained/wt/push20-integrate/wip/finish-existing/sub_08178544.c,wt/push20-integrate/wip/finish-existing/sub_08178544.c,9f82d33c54b6696ce82eab0f18cd14196e385ce90bb6b2b71f18bc8020b74d14
drafts/retained/wt/push20-integrate/wip/finish-existing/sub_0820267C-finish2.c,wt/push20-integrate/wip/finish-existing/sub_0820267C-finish2.c,02844244abe9cb6f50ad9c5c62e332439f667b1c588e7fda9c47d778c1661fcd
drafts/retained/wt/push20-integrate/wip/finish-existing/sub_0820267C.c,wt/push20-integrate/wip/finish-existing/sub_0820267C.c,203ea052837ecd4e165cedcf1f8eb6e012b723f2390d6c1f2b9e0d03ab1837b0
drafts/retained/wt/push20-integrate/wip/finish-existing/sub_08210CB0.c,wt/push20-integrate/wip/finish-existing/sub_08210CB0.c,e81d77e7b416c6b34fd88a207911b8e12e89159d10da1e29d77bdbeedd994e01
drafts/retained/wt/push20-integrate/wip/finish-existing/sub_082132E8.c,wt/push20-integrate/wip/finish-existing/sub_082132E8.c,0cd1e6809327fafa90e51e04c2f8c9dd557fa718c5c97fac21f77ef8f0f422c1
drafts/retained/wt/push20-integrate/wip/finish-existing/sub_082285C4.c,wt/push20-integrate/wip/finish-existing/sub_082285C4.c,6977cddd2969e932e31fe2e05bc3abfed8a9df59aa4f0fe762f0cb42738d0287
drafts/retained/wt/push20-integrate/wip/finish-existing/sub_0822AFE8.c,wt/push20-integrate/wip/finish-existing/sub_0822AFE8.c,048437b0d317796699b77cc5e6132b85a88f906b6b1b8aea1b4b5aae90e5ee77
drafts/retained/wt/push20-integrate/wip/finish-existing/sub_0822B058.c,wt/push20-integrate/wip/finish-existing/sub_0822B058.c,ae3f3f033f6a4a478091aa2a68d7bc0337f67241650cf85ef7fc84e10fac9d98
drafts/retained/wt/push20-integrate/wip/finish-existing/sub_0822BBD8.c,wt/push20-integrate/wip/finish-existing/sub_0822BBD8.c,4e917a54b72c2539ec72c38a3ea7ad02295a8dc55ef5603bd24d1de0defce7be
drafts/retained/wt/push20-integrate/wip/finish-existing/sub_0822CE54.c,wt/push20-integrate/wip/finish-existing/sub_0822CE54.c,9e8352b519112715e4e855e23480fd54be8bdeee530f9b3ed12102d616ab33d1
drafts/retained/wt/push20-integrate/wip/finish-existing/sub_0822D080.c,wt/push20-integrate/wip/finish-existing/sub_0822D080.c,17b964f6cdfbe0da1b3b54b77981af311fd994272fb3fabc5ef21bf8d467d071
drafts/retained/wt/push20-integrate/wip/finish-existing/sub_0822EDF8.c,wt/push20-integrate/wip/finish-existing/sub_0822EDF8.c,2fe95e1bc042bf56dd279e3e57727b4aa92541ec6df21b9b978908fc04143a6c
drafts/retained/wt/push20-integrate/wip/finish-existing/sub_08234354.c,wt/push20-integrate/wip/finish-existing/sub_08234354.c,2f551fadf8a9dffa69019b3a57a7f6f9ab6566555e50cf69ec6336fbd5d342dc
drafts/retained/wt/push20-integrate/wip/finish-existing/sub_08234770-old.c,wt/push20-integrate/wip/finish-existing/sub_08234770-old.c,66265da5217bbe9d7cd9e9bef817316d9d0b5d1e6cb4d4db8a9c9f602d62345a
drafts/retained/wt/push20-integrate/wip/finish-existing/sub_08234770.c,wt/push20-integrate/wip/finish-existing/sub_08234770.c,43e52235cd37532395af4f02ca3ebde839feefa051a392d5ea14b89447b63c8b
drafts/retained/wt/push20-integrate/wip/finish-existing/sub_08235000.c,wt/push20-integrate/wip/finish-existing/sub_08235000.c,4fed6da59004f14cdaa51465aa23000849fbc2bb7430e11dc8a060022a23f6b3
drafts/retained/wt/push20-integrate/wip/finish-existing/sub_08235D68.c,wt/push20-integrate/wip/finish-existing/sub_08235D68.c,4a5a05453209bc5a5abc5cb277c9f59ff215e1e0f9ac043633617f620431e7cb
drafts/retained/wt/push20-integrate/wip/finish-existing/sub_0823652C-finish2.c,wt/push20-integrate/wip/finish-existing/sub_0823652C-finish2.c,b4bd0cf5f9e02a4800e267996f6b16d32fe8a24682dd175acc2ff6cec22ec855
drafts/retained/wt/push20-integrate/wip/finish-existing/sub_0823652C.c,wt/push20-integrate/wip/finish-existing/sub_0823652C.c,bdae23bc3ea4bd698adda722c6696f7695230d13743c2b1c41226ec8cd379eba
drafts/retained/wt/push20-integrate/wip/finish-existing/sub_08237E7C.c,wt/push20-integrate/wip/finish-existing/sub_08237E7C.c,aa89df56e1e87745e91238aff8616a9b86cdf347ba9bbaa8683a5953daf71d3f
drafts/retained/wt/push20-integrate/wip/finish-existing/sub_08239150.c,wt/push20-integrate/wip/finish-existing/sub_08239150.c,d79606a895df0bd881d57e5df75e750943c8a764c98c137a4f870055b307c7c5
drafts/retained/wt/push20-integrate/wip/finish-permuter/sub_08097BC0.c,wt/push20-integrate/wip/finish-permuter/sub_08097BC0.c,ebd5731225b38b6afb6d2a8f6a68036ad45eee3c23592ed586bedd6cd79ee91c
drafts/retained/wt/push20-integrate/wip/finish-permuter/sub_081F0E24.c,wt/push20-integrate/wip/finish-permuter/sub_081F0E24.c,a441859c1c1982f83e2b585a4328a9ef188f0c9ccefe8472238006bcdef1d521
drafts/retained/wt/push20-integrate/wip/finish-permuter/sub_0820267C.c,wt/push20-integrate/wip/finish-permuter/sub_0820267C.c,2264ec2867651817409ee50227df6dfe472248885103733fabdd57306f71647f
drafts/retained/wt/push20-integrate/wip/finish-permuter/sub_08210CB0.c,wt/push20-integrate/wip/finish-permuter/sub_08210CB0.c,e46fd74fa1eaeaf229a0adf15a4acf1785e76ff2b173081186fb8fb6c8841df6
drafts/retained/wt/push20-integrate/wip/finish-permuter/sub_082132E8.c,wt/push20-integrate/wip/finish-permuter/sub_082132E8.c,260c4f8d80e106cf969c567a94fe219537a9b2c382364c94ec010ddcac0bcf98
drafts/retained/wt/push20-integrate/wip/finish-permuter/sub_0822BD58.c,wt/push20-integrate/wip/finish-permuter/sub_0822BD58.c,d57491030af1f7f0027f464332032165ac19ffdb32b5af2c814009969bee5ff5
drafts/retained/wt/push20-integrate/wip/last-pass/sub_082132E8.c,wt/push20-integrate/wip/last-pass/sub_082132E8.c,260c4f8d80e106cf969c567a94fe219537a9b2c382364c94ec010ddcac0bcf98
drafts/retained/wt/push20-integrate/wip/last-pass/sub_082359CC.c,wt/push20-integrate/wip/last-pass/sub_082359CC.c,df6fe580847117b6b5215e572bffe84425ea66404a77ec4728d0ff87bffcc77c
drafts/retained/wt/push20-integrate/wip/last-pass/sub_08235B34.c,wt/push20-integrate/wip/last-pass/sub_08235B34.c,2185684b459b9607d4def275af4d0d1422c33a48234a41d47aef375a09490a4b
drafts/retained/wt/push20-integrate/wip/last-pass/sub_08239CDC.c,wt/push20-integrate/wip/last-pass/sub_08239CDC.c,b25633faeaca965dc881c36654b17c8c5bffe2ffc57d5e3b3c294d95c240036b
drafts/retained/wt/push20-integrate/wip/last-pass/sub_0823A388.c,wt/push20-integrate/wip/last-pass/sub_0823A388.c,8fe62fa5888b509cc8d403e56d6f69c808962c071dc911d1c64aeb18cc7e3c2a
drafts/retained/wt/push20-integrate/wip/last-pass/sub_0823AC34.c,wt/push20-integrate/wip/last-pass/sub_0823AC34.c,2a48233c8626ca2123a735a080d6906917f421d2aba1c00829053c09dec00887
drafts/retained/wt/push20-integrate/wip/last-pass/sub_0823AE5C.c,wt/push20-integrate/wip/last-pass/sub_0823AE5C.c,7795ff8e17ec08078d2b74157d2b92288b73dd8ade5e407628bba274bbee8c54
drafts/retained/wt/push20-integrate/wip/last-pass/sub_0823C3CC.c,wt/push20-integrate/wip/last-pass/sub_0823C3CC.c,14d020dc40a4b2cd065cbb7a56b1ff2621ea8b3e5b36f82fa3a2e987e17597da
drafts/retained/wt/push20-integrate/wip/last-pass/sub_0823E704.c,wt/push20-integrate/wip/last-pass/sub_0823E704.c,6ceca8808acc20088ac0f755c352dbf0c339735a3c764ca93bc55e3a5d6b8642
drafts/retained/wt/push20-integrate/wip/last-pass/sub_0823EDDC.c,wt/push20-integrate/wip/last-pass/sub_0823EDDC.c,51cc3c617f7c05c953ad09fb5e1df913dd390e1b813230a6976483bcd99e6851
drafts/retained/wt/push20-integrate/wip/root/Time_CalculateSunriseSunset.c,wt/push20-integrate/wip/root/Time_CalculateSunriseSunset.c,6397ecc5a8f61378d377f64429310169c026157f4d2d5b4fbd06116ef551a29a
drafts/retained/wt/push20-integrate/wip/root/Time_CalculateSunriseSunsetCore-first.c,wt/push20-integrate/wip/root/Time_CalculateSunriseSunsetCore-first.c,b74a3f424737898c16141db372b49affe0ad8a0ddd777986509fca08cfbef207
drafts/retained/wt/push20-integrate/wip/root/Time_CalculateSunriseSunsetCore.c,wt/push20-integrate/wip/root/Time_CalculateSunriseSunsetCore.c,43cc1d5a7cadf01bf386dc26e1d08bf893e3dab7909fbf8e5da0c309551c55e8
drafts/retained/wt/push20-integrate/wip/root/sub_0802CD04-safe0.c,wt/push20-integrate/wip/root/sub_0802CD04-safe0.c,bfb14fb27c03177d29a6ecb5f6b3a16ee03ee6520c3437562ee062a40ec529cd
drafts/retained/wt/push20-integrate/wip/root/sub_0802CD04.c,wt/push20-integrate/wip/root/sub_0802CD04.c,2ea05b26b3b3eb756af37197bbc18fb577ad22bee89cb766524bb223352be032
drafts/retained/wt/push20-integrate/wip/root/sub_0802CED0.c,wt/push20-integrate/wip/root/sub_0802CED0.c,11904e901a5483b180fc57929deb3ac24da3c833b234e5d7c66711f035055302
drafts/retained/wt/push20-integrate/wip/root/sub_0802CEF8.c,wt/push20-integrate/wip/root/sub_0802CEF8.c,9e9b183918efb1ac6a8817fb241e9167a0d40a24dce18175578fa99cbfd1169b
drafts/retained/wt/push20-integrate/wip/root/sub_08048E0C-first.c,wt/push20-integrate/wip/root/sub_08048E0C-first.c,fc932872a9e80e14f44bf9650baa7574cd3d8256b73a7b0d755a0ec38b709bc5
drafts/retained/wt/push20-integrate/wip/root/sub_08048E0C.c,wt/push20-integrate/wip/root/sub_08048E0C.c,4b03a090092e0a5a111dd05ffbc00bea5130e1c2e1c4f16cf0e7538d8c94f655
drafts/retained/wt/push20-integrate/wip/root/sub_080AB294.c,wt/push20-integrate/wip/root/sub_080AB294.c,f44dd46fb9c1ca24e1a15fe545560fa50948dea2cdf44acf90049d723e53ca5e
drafts/retained/wt/push20-integrate/wip/root/sub_08160EA4.c,wt/push20-integrate/wip/root/sub_08160EA4.c,cf35be38b1bb1ee6a4f7ab1f8ee13a38f83afb950c4e49361d83fd5b1b354822
drafts/retained/wt/push20-integrate/wip/root/sub_08200A10-first.c,wt/push20-integrate/wip/root/sub_08200A10-first.c,84d59e3af4668d7cba3548aaec6f344b4190e5017eb8c7572d34e2b6b16844d3
drafts/retained/wt/push20-integrate/wip/root/sub_08200A10.c,wt/push20-integrate/wip/root/sub_08200A10.c,d745594198e97a9b63b5ea58aa45a8b1ac03478df8de6ea40b0c63bc49dac6f6
drafts/retained/wt/push20-integrate/wip/root/sub_08227F3C.c,wt/push20-integrate/wip/root/sub_08227F3C.c,d2bb7b62819a97b1a82a7b0f6311d131b810da160e5680c0a2b7607fb20babba
drafts/retained/wt/push20-integrate/wip/root/sub_08227F4C.c,wt/push20-integrate/wip/root/sub_08227F4C.c,14ebf4bfced1f5f92bb9ca327ec1cdf6f57961022342aa9db714814bb67aa21c
drafts/retained/wt/push20-integrate/wip/root/sub_08227F58.c,wt/push20-integrate/wip/root/sub_08227F58.c,083eeb49c5f22a5e4fff9cad59039aec486304e9d8db4202f2187ca292c49ab7
drafts/retained/wt/push20-integrate/wip/root/sub_082285C4.c,wt/push20-integrate/wip/root/sub_082285C4.c,0f98205ed3ba55cd11db4566db5f4bb4cf4c1347524f12a2d999dc0e8aaff03a
drafts/retained/wt/push20-integrate/wip/root/sub_08229424.c,wt/push20-integrate/wip/root/sub_08229424.c,958ac3e5edf53912020df71eea2156898ec9745cc09596c737c079213449d40a
drafts/retained/wt/push20-integrate/wip/root/sub_08229440-v0.c,wt/push20-integrate/wip/root/sub_08229440-v0.c,381b6da16003255a44e02d45d626eea7495720cd5a2e64367a428b81e9cd7e10
drafts/retained/wt/push20-integrate/wip/root/sub_08229440-v1.c,wt/push20-integrate/wip/root/sub_08229440-v1.c,c46ed5e9897e8eeb2daae864467bd9126506d179b29f14def41797f22c0a25d0
drafts/retained/wt/push20-integrate/wip/root/sub_08229440.c,wt/push20-integrate/wip/root/sub_08229440.c,a7aa06a75b856f02ccb704c7ff650e0d5be0710aed4d9e7518047f6d3ef820b4
drafts/retained/wt/push20-integrate/wip/root/sub_08229468.c,wt/push20-integrate/wip/root/sub_08229468.c,99c7c5ab023c728a514eac5ab86e08acdddc0a3554d5cd5c870a832da46dd3b3
drafts/retained/wt/push20-integrate/wip/root/sub_08229560.c,wt/push20-integrate/wip/root/sub_08229560.c,a418486156c05fad4a2a6068d16a5d4c6032454e42ea0f04d0f108d7c14c6e3f
drafts/retained/wt/push20-integrate/wip/root/sub_08229618.c,wt/push20-integrate/wip/root/sub_08229618.c,ea9eff9fd9a13d7072d86e639dc2acca660f680c0c00b0f96bd9722995bc6cd9
drafts/retained/wt/push20-integrate/wip/root/sub_08229E28.c,wt/push20-integrate/wip/root/sub_08229E28.c,bcaa803bf6b584156b68765f0655d769c8853dcb9e22293759574929bc35bb49
drafts/retained/wt/push20-integrate/wip/root/sub_08229FEC.c,wt/push20-integrate/wip/root/sub_08229FEC.c,8d91e428b5f0096184f7d96c5ef7280006ddc482266f0d3406db7572db32f19a
drafts/retained/wt/push20-integrate/wip/root/sub_08229FFC.c,wt/push20-integrate/wip/root/sub_08229FFC.c,c97bd2cbaba2899b047db30574ca17229074db21cd9a754d879f30b463fec135
drafts/retained/wt/push20-integrate/wip/root/sub_0822AE7C.c,wt/push20-integrate/wip/root/sub_0822AE7C.c,f2ab854253ffe253a732405d194ef63ee0f4e3df1abfd8eafb422f7c39145b97
drafts/retained/wt/push20-integrate/wip/root/sub_0822AF10.c,wt/push20-integrate/wip/root/sub_0822AF10.c,8cf6e4d39dcc51c85f81483b26a77eb863b10a1594bda2900d529f9950603abc
drafts/retained/wt/push20-integrate/wip/root/sub_0822AF78.c,wt/push20-integrate/wip/root/sub_0822AF78.c,2da561c03436a0a494a38cae0ea945459e65a74870af436f0e1323f144d5079c
drafts/retained/wt/push20-integrate/wip/root/sub_0822AFE8.c,wt/push20-integrate/wip/root/sub_0822AFE8.c,ece94f2714d2ea1e927dbd1c6cf521a3330a0bef307b167f8e92f47782d275a7
drafts/retained/wt/push20-integrate/wip/root/sub_0822B058.c,wt/push20-integrate/wip/root/sub_0822B058.c,21d04ab8420cee6a1ae05e327ab6b70d7f4c3dc7c69d77c1ad5d1a8a30470abe
drafts/retained/wt/push20-integrate/wip/root/sub_0822B0C8.c,wt/push20-integrate/wip/root/sub_0822B0C8.c,c79bdff6cc80fcbb69af72a886b9734e210ed5cba607b07a3799116402b34a0f
drafts/retained/wt/push20-integrate/wip/root/sub_0822B114.c,wt/push20-integrate/wip/root/sub_0822B114.c,973be3b7dce0cb33d80574f39f3221ea732d9bc43d047c4125d8b22222333ea6
drafts/retained/wt/push20-integrate/wip/root/sub_08232F1C.c,wt/push20-integrate/wip/root/sub_08232F1C.c,3b90a2f15699059bf43736b58d08a9d7513bef165da6200f703427ac80942234
drafts/retained/wt/push20-integrate/wip/root/sub_0824930C.c,wt/push20-integrate/wip/root/sub_0824930C.c,80cbb3c88a43253f496210e638c79116b703e99212e8ec3780da5f0c630975da
drafts/retained/wt/push20-integrate/wip/root/sub_0824AC40.c,wt/push20-integrate/wip/root/sub_0824AC40.c,923d36c75f6820929d79a066b5310e9fed8b7f89f8808fb9f6d7ba37c0e1ed6b
drafts/retained/wt/push20-integrate/wip/root/sub_0824AC74.c,wt/push20-integrate/wip/root/sub_0824AC74.c,02cd0176f318590a90874fbd269c64fd884cb7c4efe1911fbf2155f067d64d24
drafts/retained/wt/push20-integrate/wip/root/sub_0824ACE4.c,wt/push20-integrate/wip/root/sub_0824ACE4.c,e949c311b711c6d1e16661ce244054123ed3125991b334191092d13b9668a14e
drafts/retained/wt/push20-integrate/wip/solo-family/channel_08111578.c,wt/push20-integrate/wip/solo-family/channel_08111578.c,1248d56e72883a5b58610dc5f85639e3d26a81256ff1ad4c0862a95f4ed19c51
drafts/retained/wt/push20-integrate/wip/solo-family/channel_08165D10.c,wt/push20-integrate/wip/solo-family/channel_08165D10.c,e0d20cac1d51482ed1a654a18372da4329ef68977971724db3d2a653780360c2
drafts/retained/wt/push20-integrate/wip/solo-family/color_base_080F1F08.c,wt/push20-integrate/wip/solo-family/color_base_080F1F08.c,ec68db758e9676b668cec65f76d58e91bbd189f41f4cab33a2132f94c886aec4
drafts/retained/wt/push20-integrate/wip/solo-family/context_34810.c,wt/push20-integrate/wip/solo-family/context_34810.c,45b27e92a6f4fc2119958e46f9dd1c18fc9ce4a5291707520a4f16f9055f6ac2
drafts/retained/wt/push20-integrate/wip/solo-family/emitter_0.c,wt/push20-integrate/wip/solo-family/emitter_0.c,b8d426bd26b78faf45891b8a28baaf74de597531b42bec17b43cd1830b7a8cdb
drafts/retained/wt/push20-integrate/wip/solo-family/emitter_1.c,wt/push20-integrate/wip/solo-family/emitter_1.c,36cec23e7394c4dae82a0868a77c888f4636e400d745692948a7b1d730b9d284
drafts/retained/wt/push20-integrate/wip/solo-family/emitter_2.c,wt/push20-integrate/wip/solo-family/emitter_2.c,5a264bdfc97ea57fe9d59c64632d451292904c67654e96e8605eb806d4de6e2c
drafts/retained/wt/push20-integrate/wip/solo-family/flag_08160EA4.c,wt/push20-integrate/wip/solo-family/flag_08160EA4.c,0367495d9822366881e7cd06a31daee465af45ee72ba4c74b3a5fcebcffd3a70
drafts/retained/wt/push20-integrate/wip/solo-family/flag_08234138.c,wt/push20-integrate/wip/solo-family/flag_08234138.c,eabcfa51156961ac10b1520af4eb2cbb77c71444859eaf4b558220d4e0a44fdc
drafts/retained/wt/push20-integrate/wip/solo-family/flag_08234810.c,wt/push20-integrate/wip/solo-family/flag_08234810.c,0961de02f3615b0ac5ad63a5e0684bad3bc4381d79a2d97e073344f755279d93
drafts/retained/wt/push20-integrate/wip/solo-family/flag_08234868.c,wt/push20-integrate/wip/solo-family/flag_08234868.c,fde4b099c3e598d293f358ed1265d984595efce0a78f79798a6340545af1de9d
drafts/retained/wt/push20-integrate/wip/solo-family/flag_082349A0.c,wt/push20-integrate/wip/solo-family/flag_082349A0.c,7ad4864489d4631273bcdc0dcf92b4c80cb41a19cc3a82ea0a611c62fc7d9a5a
drafts/retained/wt/push20-integrate/wip/solo-family/flag_08234B98.c,wt/push20-integrate/wip/solo-family/flag_08234B98.c,4b65afded0b036a5363c6ab07d94b38fe11b350dcee91419456000fe65552baf
drafts/retained/wt/push20-integrate/wip/solo-family/flag_08234D0C.c,wt/push20-integrate/wip/solo-family/flag_08234D0C.c,6dca15432e70332cfc57b4bcff861f920003a54f6b359de8222bc89cf42085a2
drafts/retained/wt/push20-integrate/wip/solo-family/flag_08234F88.c,wt/push20-integrate/wip/solo-family/flag_08234F88.c,01b41cbec8243537267f6c8cb9d576f2aab74bb868ae7144a7c0e077d405823e
drafts/retained/wt/push20-integrate/wip/solo-family/frame_0.c,wt/push20-integrate/wip/solo-family/frame_0.c,b38b6b65ce287a45f10645951f3d5c3c309d0e8dea2a07ad83e49166c3caa6c1
drafts/retained/wt/push20-integrate/wip/solo-family/frame_1.c,wt/push20-integrate/wip/solo-family/frame_1.c,b3a4747c85173fcd6c7c12da1182e93a420ed3fd613a3a9d61f5dd851d484112
drafts/retained/wt/push20-integrate/wip/solo-family/frame_2.c,wt/push20-integrate/wip/solo-family/frame_2.c,35fc03b881167dd84425589f8481dfb839bd8b465ed7e74c4a65503f0edf5499
drafts/retained/wt/push20-integrate/wip/solo-family/frame_3.c,wt/push20-integrate/wip/solo-family/frame_3.c,3aa32ad448a8f3f526c2776dfe2816ab14ab160fa134e071f10b33ee44dbbef1
drafts/retained/wt/push20-integrate/wip/solo-family/frame_4.c,wt/push20-integrate/wip/solo-family/frame_4.c,335fcc724e3f4ccb72468e8d46581b246a8a224f20fc1cd480a46b408409c72a
drafts/retained/wt/push20-integrate/wip/solo-family/frame_5.c,wt/push20-integrate/wip/solo-family/frame_5.c,b7d8982b9cee21e0c8fb5655deb4da72c10d1886b12d88c780a56c14748320a1
drafts/retained/wt/push20-integrate/wip/solo-family/frame_6.c,wt/push20-integrate/wip/solo-family/frame_6.c,3273bce745c6e529c9df6b61a04d9f1ca11067a83db599d00a0ebe4259ea77b1
drafts/retained/wt/push20-integrate/wip/solo-family/frame_7.c,wt/push20-integrate/wip/solo-family/frame_7.c,d52f969c5d77d4a4511fa8d0a83af3bd2c963d1af3edf5f5d483d9d0127c1ac3
drafts/retained/wt/push20-integrate/wip/solo-family/init_base_0818D21C.c,wt/push20-integrate/wip/solo-family/init_base_0818D21C.c,e7ad6f80a073283ea5d463bda9785f81c6c828ba938ae7ef33bb6b5f36b5d3b3
drafts/retained/wt/push20-integrate/wip/solo-family/interpolate_0.c,wt/push20-integrate/wip/solo-family/interpolate_0.c,c1b1c6715a922f2c4506c98f8493c55435e768ed6be8145ecfed34c6d7ae7d68
drafts/retained/wt/push20-integrate/wip/solo-family/interpolate_1.c,wt/push20-integrate/wip/solo-family/interpolate_1.c,afdaf6a951de543c5a4320399f6a7d511e16ccdee22f61c6829b49259553d111
drafts/retained/wt/push20-integrate/wip/solo-family/interpolate_2.c,wt/push20-integrate/wip/solo-family/interpolate_2.c,684c8030f27c746de720bb50b14ae94fc62c6233e5f94c99ecb7899a0489c558
drafts/retained/wt/push20-integrate/wip/solo-family/interpolate_3.c,wt/push20-integrate/wip/solo-family/interpolate_3.c,d8733b0ee06c0618283af35c5e3bc8b2e0583c43c6cb5d01c8197274671e8f9e
drafts/retained/wt/push20-integrate/wip/solo-family/motion_0.c,wt/push20-integrate/wip/solo-family/motion_0.c,cf35be38b1bb1ee6a4f7ab1f8ee13a38f83afb950c4e49361d83fd5b1b354822
drafts/retained/wt/push20-integrate/wip/solo-family/motion_1.c,wt/push20-integrate/wip/solo-family/motion_1.c,405c14968278dabe5361858d6ec47c4f5a2d3a3f19c5626aae2d04cac59b8a43
drafts/retained/wt/push20-integrate/wip/solo-family/motion_2.c,wt/push20-integrate/wip/solo-family/motion_2.c,d615f4b313d1a4f62b1ec1a83d0fa1e47edc0ce9cb06b127f0d9ffc39b63ee59
drafts/retained/wt/push20-integrate/wip/solo-family/motion_3.c,wt/push20-integrate/wip/solo-family/motion_3.c,169c962912ba409e30cb1a8a99fa0f2c378981bf4e516c1ce092fa266c4a4212
drafts/retained/wt/push20-integrate/wip/solo-family/owner_08235C30.c,wt/push20-integrate/wip/solo-family/owner_08235C30.c,7d84596c226cccce9f54ee15056111d97dbe32d32879316034738dffe1484929
drafts/retained/wt/push20-integrate/wip/solo-family/owner_value_08235C30.c,wt/push20-integrate/wip/solo-family/owner_value_08235C30.c,ae55fb369b94c45a9c6450e12d4da4d28f8e738ba5a7d1ab1412f405dbfe6fa3
drafts/retained/wt/push20-integrate/wip/solo-family/palette_base_08111578.c,wt/push20-integrate/wip/solo-family/palette_base_08111578.c,b112b7a6d4afc0874fcc379c04bc8680efae9053d208166770cdef98f6404fed
drafts/retained/wt/push20-integrate/wip/solo-family/palette_base_08165D10.c,wt/push20-integrate/wip/solo-family/palette_base_08165D10.c,e63cba94e25cbb48bce7a6c44998f06952d1d625c545fc967ff06c244c4d58fe
drafts/retained/wt/push20-integrate/wip/solo-family/prologue_081DB030.c,wt/push20-integrate/wip/solo-family/prologue_081DB030.c,963b43807d2310663d39f8253f32bcd7455522da295ac76a83081e97d7e0af83
drafts/retained/wt/push20-integrate/wip/solo-family/prologue_081DB1D8.c,wt/push20-integrate/wip/solo-family/prologue_081DB1D8.c,52c9dd1b4ba1e0f8cd15c0248f4c71ab0c06fb92356c816d41f666ae147005c9
drafts/retained/wt/push20-integrate/wip/solo-family/prologue_08235B34.c,wt/push20-integrate/wip/solo-family/prologue_08235B34.c,121d7f5b7b2362fbde89c39d42ba103a41a2931fc05fb954c50e6b72b3c277b1
drafts/retained/wt/push20-integrate/wip/solo-family/register_sub_0822B058.c,wt/push20-integrate/wip/solo-family/register_sub_0822B058.c,db6e4db0717de0291e53ab464606a9aedae6000ea9b6f7c01c271e0161eff14a
drafts/retained/wt/push20-integrate/wip/solo-family/reverse_base_0818CF10.c,wt/push20-integrate/wip/solo-family/reverse_base_0818CF10.c,99882236bc2971529e2beb167cb47ab36bbdcee456bb6a760c57a49b6b5732a8
drafts/retained/wt/push20-integrate/wip/solo-family/reverse_base_0818CFEC.c,wt/push20-integrate/wip/solo-family/reverse_base_0818CFEC.c,eafed1777cf56481e09455ce423ca6a658bbb307f1e4ec7c8e79c899722ccaef
drafts/retained/wt/push20-integrate/wip/solo-family/rng16_080AB294.c,wt/push20-integrate/wip/solo-family/rng16_080AB294.c,48f8dfa8ccedf8e9bb29b1ae1eb00f98a215ec26c7632554bf421383128cc62f
drafts/retained/wt/push20-integrate/wip/solo-family/rng_table_080AB294.c,wt/push20-integrate/wip/solo-family/rng_table_080AB294.c,4e63889c7d054ee28e24be0cdf218b9c920ff8e472da2b429c1b05d8d1eeeafc
drafts/retained/wt/push20-integrate/wip/solo-family/seed_s32_False_False.c,wt/push20-integrate/wip/solo-family/seed_s32_False_False.c,07a1e96986c2b832c6cf642a2466434aac40769f57fb05bbfdae85d004667c6c
drafts/retained/wt/push20-integrate/wip/solo-family/seed_s32_False_True.c,wt/push20-integrate/wip/solo-family/seed_s32_False_True.c,6563d8f22ef7a282354f22aa02c026d8c07655db5a30ec1aec3148a60fe5434b
drafts/retained/wt/push20-integrate/wip/solo-family/seed_s32_True_False.c,wt/push20-integrate/wip/solo-family/seed_s32_True_False.c,0d5c4ae62753fc9575271cc1f36e48e4290fa22707249b7703802783de6ce830
drafts/retained/wt/push20-integrate/wip/solo-family/seed_s32_True_True.c,wt/push20-integrate/wip/solo-family/seed_s32_True_True.c,af929042e38b64f4f49240a84fb6ca79b6488fbfc6dfdc4d4287409a8ff15ae2
drafts/retained/wt/push20-integrate/wip/solo-family/seed_u16_False_False.c,wt/push20-integrate/wip/solo-family/seed_u16_False_False.c,df7d596e3a61e1004a464b5a26ff6f984c217d10976958451d7ca24d95a7332b
drafts/retained/wt/push20-integrate/wip/solo-family/seed_u16_False_True.c,wt/push20-integrate/wip/solo-family/seed_u16_False_True.c,00227cb6abc56d2a73bbed2605b278e3dc4d8e20e54b511c8c85fda0c57738d0
drafts/retained/wt/push20-integrate/wip/solo-family/seed_u16_True_False.c,wt/push20-integrate/wip/solo-family/seed_u16_True_False.c,23dbe13f5e1023a0b351b2def51ad59c66648e14e6ac7dbb71a38b1412474a08
drafts/retained/wt/push20-integrate/wip/solo-family/seed_u16_True_True.c,wt/push20-integrate/wip/solo-family/seed_u16_True_True.c,a4a70f1251e925a609b96248e438a5933a16d00d735495e7c40cb27c107896ff
drafts/retained/wt/push20-integrate/wip/solo-family/seed_u32_False_False.c,wt/push20-integrate/wip/solo-family/seed_u32_False_False.c,4b148f289e50d844cd0cdf989eeb13f0a139e8cb62daa9fd6f01d73367b1b70e
drafts/retained/wt/push20-integrate/wip/solo-family/seed_u32_False_True.c,wt/push20-integrate/wip/solo-family/seed_u32_False_True.c,ee3fb981c600e6d7d4ee90b8a5c5ce46d065b0115563278e9797c11d443aa6de
drafts/retained/wt/push20-integrate/wip/solo-family/seed_u32_True_False.c,wt/push20-integrate/wip/solo-family/seed_u32_True_False.c,4f33f259df7862d83cf9a1c77d40265fc13ffd6a2627b4e153423e42c7d39a63
drafts/retained/wt/push20-integrate/wip/solo-family/seed_u32_True_True.c,wt/push20-integrate/wip/solo-family/seed_u32_True_True.c,9f105e2803cee26b4017994c5e264270b03af0d7df4a6322f278647770503c9a
drafts/retained/wt/push20-integrate/wip/solo-family/selector_base_0818CC48.c,wt/push20-integrate/wip/solo-family/selector_base_0818CC48.c,7fdc722637dad8e95bc122e1f715043904c362027e443c405fd4e64f9e2fa469
drafts/retained/wt/push20-integrate/wip/solo-family/setup_base_081BF67C.c,wt/push20-integrate/wip/solo-family/setup_base_081BF67C.c,d5bc549848e6530f9b580881ec8bdb54d62150b59daed8a3e919971cd5e5a844
drafts/retained/wt/push20-integrate/wip/solo-family/sub_08055828.c,wt/push20-integrate/wip/solo-family/sub_08055828.c,ea6932d4b8df1d6cf79b790543d20cf5763e018099885a938c4ea0f534f138dd
drafts/retained/wt/push20-integrate/wip/solo-family/sub_080F1D44.c,wt/push20-integrate/wip/solo-family/sub_080F1D44.c,84519ae10898c2b78f2e5becd3d6054247c47121f7a8ccb1a85cca2fc781bb38
drafts/retained/wt/push20-integrate/wip/solo-family/sub_080F1F08.c,wt/push20-integrate/wip/solo-family/sub_080F1F08.c,d0cccda6cb99b8ba7c6e0b170f15725a0d784edcc93415ae51f57fafa892770a
drafts/retained/wt/push20-integrate/wip/solo-family/sub_080F29C4.c,wt/push20-integrate/wip/solo-family/sub_080F29C4.c,b813288a9d9a683ed11a6a8453cd289ed2486dd50550e80dfa8f28e25820fb3b
drafts/retained/wt/push20-integrate/wip/solo-family/sub_080F4E30.c,wt/push20-integrate/wip/solo-family/sub_080F4E30.c,57ec116c9263bf0e35529ceeccef87b620e6e12e379b4237d1ac13a00416c150
drafts/retained/wt/push20-integrate/wip/solo-family/sub_080F4EEC.c,wt/push20-integrate/wip/solo-family/sub_080F4EEC.c,e6fc5a58027e61daeb880088f1dbb2ec05d3ba67fc598cce9f5b39f34e76a3da
drafts/retained/wt/push20-integrate/wip/solo-family/sub_080F5504.c,wt/push20-integrate/wip/solo-family/sub_080F5504.c,650d7e3ba89979f98986e7052618f114a259b6a79534287db6abce9dcd8708d9
drafts/retained/wt/push20-integrate/wip/solo-family/sub_080F558C.c,wt/push20-integrate/wip/solo-family/sub_080F558C.c,e56da0209c7cfb25cbfad4e647d10b79fd882d39db5bde4c5957e6fdd531c006
drafts/retained/wt/push20-integrate/wip/solo-family/sub_080F57E8.c,wt/push20-integrate/wip/solo-family/sub_080F57E8.c,8d22d426694ad3a4290c6c165dc076788e98da6735845e6345860f4908c2004c
drafts/retained/wt/push20-integrate/wip/solo-family/sub_080F5964.c,wt/push20-integrate/wip/solo-family/sub_080F5964.c,b0e86760e764c0b53cbba8aeefad920f3ecbefb2deb833a1ce6eba1f0cca4760
drafts/retained/wt/push20-integrate/wip/solo-family/sub_080F59E0.c,wt/push20-integrate/wip/solo-family/sub_080F59E0.c,daeb82713070a2ab7f453526574af48a711fdd4e7cfb60c5b1a8f6093e58f426
drafts/retained/wt/push20-integrate/wip/solo-family/sub_080F5B68.c,wt/push20-integrate/wip/solo-family/sub_080F5B68.c,0ec0d7f0f2ed242d40bb2c24d816017ecd0199482c22c6347d4a98f354d16515
drafts/retained/wt/push20-integrate/wip/solo-family/sub_08111578.c,wt/push20-integrate/wip/solo-family/sub_08111578.c,3d448e52adb1d56683d1c1fecce812700781c18ae54f1189e534000666394d63
drafts/retained/wt/push20-integrate/wip/solo-family/sub_0811C41C.c,wt/push20-integrate/wip/solo-family/sub_0811C41C.c,ec093a833ec865d751286a819a56d60c3960b88f729c62394164ddecd71c30d9
drafts/retained/wt/push20-integrate/wip/solo-family/sub_08160EA4.c,wt/push20-integrate/wip/solo-family/sub_08160EA4.c,cf35be38b1bb1ee6a4f7ab1f8ee13a38f83afb950c4e49361d83fd5b1b354822
drafts/retained/wt/push20-integrate/wip/solo-family/sub_08165D10.c,wt/push20-integrate/wip/solo-family/sub_08165D10.c,aa00a3cbe7272e157be953a04fec34fb9b75e40aa7a79a28465a3ae064f5ed2a
drafts/retained/wt/push20-integrate/wip/solo-family/sub_08165F78.c,wt/push20-integrate/wip/solo-family/sub_08165F78.c,b3c9f8042719dca5f5c7a745a7c44bb9778912db48ad4554b1e28f1daf11cb33
drafts/retained/wt/push20-integrate/wip/solo-family/sub_08179650.c,wt/push20-integrate/wip/solo-family/sub_08179650.c,d501c8e7d6f5bd91809ede18878e358a3936f454dbea975e65c8c29a1121fbf4
drafts/retained/wt/push20-integrate/wip/solo-family/sub_0818CC48.c,wt/push20-integrate/wip/solo-family/sub_0818CC48.c,2436055d85eb2e858a8d803c46a7e9208d9b2218a186f546271fdeb160a39bf7
drafts/retained/wt/push20-integrate/wip/solo-family/sub_0818CD80.c,wt/push20-integrate/wip/solo-family/sub_0818CD80.c,f44ed60fb2f37a6703c43798ae6128cc43665f0e502b60bc4cd344cb06cc948d
drafts/retained/wt/push20-integrate/wip/solo-family/sub_0818CE48.c,wt/push20-integrate/wip/solo-family/sub_0818CE48.c,4cb07d96a885fa1678243bf18519939f26bca6f8655f3c579ded79a0b79770bd
drafts/retained/wt/push20-integrate/wip/solo-family/sub_0818CF10.c,wt/push20-integrate/wip/solo-family/sub_0818CF10.c,8240165799ff8725db505217eae61949d050bcb688b7bc73dc59f804f41c1faa
drafts/retained/wt/push20-integrate/wip/solo-family/sub_0818CFEC.c,wt/push20-integrate/wip/solo-family/sub_0818CFEC.c,e05ba5e3be059b6c3172f45ab365a7907d138f7e129f55cd84cf21cab947d4c3
drafts/retained/wt/push20-integrate/wip/solo-family/sub_0818D21C.c,wt/push20-integrate/wip/solo-family/sub_0818D21C.c,94683f182fbf9c2053d0a9a1de874e105bc89dba5e60daf843c5811778dcae47
drafts/retained/wt/push20-integrate/wip/solo-family/sub_0818D460.c,wt/push20-integrate/wip/solo-family/sub_0818D460.c,8218273ed39000639b2e8ab505354e1de3c3426db4a6e6a1d26b1d984b212353
drafts/retained/wt/push20-integrate/wip/solo-family/sub_0818D4F4.c,wt/push20-integrate/wip/solo-family/sub_0818D4F4.c,9774145bca047326c95ee39056f4e0a967cd1b67974e10346df9f8e92714240a
drafts/retained/wt/push20-integrate/wip/solo-family/sub_0818D754.c,wt/push20-integrate/wip/solo-family/sub_0818D754.c,4ce54a73ecce378954cbb8ab21f0724f4a95bc8a0103385786f72eff0df8c3a6
drafts/retained/wt/push20-integrate/wip/solo-family/sub_0818D8E0.c,wt/push20-integrate/wip/solo-family/sub_0818D8E0.c,199d5273a9e7668a96244310c73921ce8603939d618bf1b9f8ab6bd1b4a51406
drafts/retained/wt/push20-integrate/wip/solo-family/sub_0818D960.c,wt/push20-integrate/wip/solo-family/sub_0818D960.c,f6cffdcf28b4c90875e18d3a2e991984700f5b5a16e949860f6e05508b467796
drafts/retained/wt/push20-integrate/wip/solo-family/sub_0818DB10.c,wt/push20-integrate/wip/solo-family/sub_0818DB10.c,cf2f20069efe5a8bdd9498b16857c1f0689f9d04c04c1a8e2596140507df6a2d
drafts/retained/wt/push20-integrate/wip/solo-family/sub_081BF67C.c,wt/push20-integrate/wip/solo-family/sub_081BF67C.c,514381ec12961d6ddd824ac077dfbacc2c68360e2650ea73bcf034584a1b81b1
drafts/retained/wt/push20-integrate/wip/solo-family/sub_081DAF50.c,wt/push20-integrate/wip/solo-family/sub_081DAF50.c,f4002c91499a1d7d0162f32bd1577c26688707c5317152e9c424a121d9984c25
drafts/retained/wt/push20-integrate/wip/solo-family/sub_081DAFDC.c,wt/push20-integrate/wip/solo-family/sub_081DAFDC.c,78dcb9cb090b97e534902b9c86725675b7921b6262ffbf547779557e310b4e5f
drafts/retained/wt/push20-integrate/wip/solo-family/sub_081DB030.c,wt/push20-integrate/wip/solo-family/sub_081DB030.c,2240ee82c5e37a56816ff8e08051498edfa19aa0f129c1ad23924bd4a6a9d6ec
drafts/retained/wt/push20-integrate/wip/solo-family/sub_081DB168.c,wt/push20-integrate/wip/solo-family/sub_081DB168.c,87eb7b4feb2b869713e144613cbc7659e8cc4832f4e3357944f1d27dff831267
drafts/retained/wt/push20-integrate/wip/solo-family/sub_081DB1D8.c,wt/push20-integrate/wip/solo-family/sub_081DB1D8.c,81b2f899cbb5ee5492f87e9e758196e23c73d4f1b6da0385c44be11de9ae3758
drafts/retained/wt/push20-integrate/wip/solo-family/sub_081DB324.c,wt/push20-integrate/wip/solo-family/sub_081DB324.c,8416cf15299e409cee9e1fb864fd2d916a5f608bb2a36e0eba1e016fd5fe5e87
drafts/retained/wt/push20-integrate/wip/solo-family/sub_081DB404.c,wt/push20-integrate/wip/solo-family/sub_081DB404.c,e27d6e03a5494ee1e2da47c18c3f07ccd8f113ad847873c395c52ddac15af482
drafts/retained/wt/push20-integrate/wip/solo-family/sub_081DEE38.c,wt/push20-integrate/wip/solo-family/sub_081DEE38.c,3b2c40108f700230a3d87f5ce9d439f31a737b1ff7b2d6230356aa6b831be979
drafts/retained/wt/push20-integrate/wip/solo-family/sub_082331E4.c,wt/push20-integrate/wip/solo-family/sub_082331E4.c,93649f0ad4efab8fec7d421657adba2c3db2fd63ca4c10b1010c4848493977dd
drafts/retained/wt/push20-integrate/wip/solo-family/sub_08233258.c,wt/push20-integrate/wip/solo-family/sub_08233258.c,1608758aa4225f3414ea66ccb533299b69ce0c0a5900ab95924c94e7fcddcf5e
drafts/retained/wt/push20-integrate/wip/solo-family/sub_082332B0.c,wt/push20-integrate/wip/solo-family/sub_082332B0.c,706f2bdbcc68a4f0a63c3b8c81f912696c8cdb5601a6a1fa99c5236280a51b43
drafts/retained/wt/push20-integrate/wip/solo-family/sub_0823333C.c,wt/push20-integrate/wip/solo-family/sub_0823333C.c,1b0f92b4a70892096d32bfa3d52b22ae7c20b2493ac203c8b3bc00aa1d72fde8
drafts/retained/wt/push20-integrate/wip/solo-family/sub_082333A8.c,wt/push20-integrate/wip/solo-family/sub_082333A8.c,ccb66d97d80e1fa359c7cd913818ec7c2617ebd957edec34cd0938f4893e83e3
drafts/retained/wt/push20-integrate/wip/solo-family/sub_08233418.c,wt/push20-integrate/wip/solo-family/sub_08233418.c,2e67715828eb9c68968bbec2d786ecf5a61f9c97fa85b4732adbb16b82f1b2f3
drafts/retained/wt/push20-integrate/wip/solo-family/sub_08233488.c,wt/push20-integrate/wip/solo-family/sub_08233488.c,79aa2e659d9e80496b7463a075ba3cf5973043ebb503d2704c8422fb8a2884d7
drafts/retained/wt/push20-integrate/wip/solo-family/sub_0823350C.c,wt/push20-integrate/wip/solo-family/sub_0823350C.c,dfa643f1e282d5dacd08d746cbb5ace2db01a31ed72737820ff80472ca96669a
drafts/retained/wt/push20-integrate/wip/solo-family/sub_082335F0.c,wt/push20-integrate/wip/solo-family/sub_082335F0.c,d192a7d535fb93143197471d64e572b377412278d6fbeb22f32dc9cadd265078
drafts/retained/wt/push20-integrate/wip/solo-family/sub_082340D8.c,wt/push20-integrate/wip/solo-family/sub_082340D8.c,daff251e880ae697ebbff586f4365e1052b7ec5a90500e17e56c2620080bb4fd
drafts/retained/wt/push20-integrate/wip/solo-family/sub_08234138.c,wt/push20-integrate/wip/solo-family/sub_08234138.c,b7998556dbb8fe1bdb5b4a9e96426a004896ea0a1e046498a666603285592ac1
drafts/retained/wt/push20-integrate/wip/solo-family/sub_082342AC.c,wt/push20-integrate/wip/solo-family/sub_082342AC.c,431454a34ef428a5caa1d0be3feb97f08beebf7e0d3200a2aa0d9bce29293f8e
drafts/retained/wt/push20-integrate/wip/solo-family/sub_08234810.c,wt/push20-integrate/wip/solo-family/sub_08234810.c,35fc03b881167dd84425589f8481dfb839bd8b465ed7e74c4a65503f0edf5499
drafts/retained/wt/push20-integrate/wip/solo-family/sub_08234868.c,wt/push20-integrate/wip/solo-family/sub_08234868.c,94c67affbf590268e2b61910e5b9b305a0a3eeb3923b10be6fb2c7fc0aaf61f9
drafts/retained/wt/push20-integrate/wip/solo-family/sub_082349A0.c,wt/push20-integrate/wip/solo-family/sub_082349A0.c,7ec9f3b106fb849a01ab78463dbd95cf1278dfb3da33b159bff7da5f1836f2b5
drafts/retained/wt/push20-integrate/wip/solo-family/sub_08234A84.c,wt/push20-integrate/wip/solo-family/sub_08234A84.c,ff3f5f064392515232468670a4cb8518da5767dacddd87e23bc3bcfeb243b691
drafts/retained/wt/push20-integrate/wip/solo-family/sub_08234B34.c,wt/push20-integrate/wip/solo-family/sub_08234B34.c,e59afe165304106fd024b7ad0a46e13daac989ed911278946977577af21cf857
drafts/retained/wt/push20-integrate/wip/solo-family/sub_08234B98.c,wt/push20-integrate/wip/solo-family/sub_08234B98.c,ca6f86ea2b9624cbc24b2ee42744911a4fe914a6aed60a9daa487804e3827fe4
drafts/retained/wt/push20-integrate/wip/solo-family/sub_08234D0C.c,wt/push20-integrate/wip/solo-family/sub_08234D0C.c,07f421ab0d4b1557ea440511ecd54cdda41737c3d156a2bf0d5687e92e1e4938
drafts/retained/wt/push20-integrate/wip/solo-family/sub_08234DC8.c,wt/push20-integrate/wip/solo-family/sub_08234DC8.c,9dbba7636f3854a2af09e58056b3d2dd30110fc09459e77a3bf8a9dbbc2c7a4a
drafts/retained/wt/push20-integrate/wip/solo-family/sub_08234F18.c,wt/push20-integrate/wip/solo-family/sub_08234F18.c,faa14b0fee81544d5f41eb5bb53ddc3ad09f0707dedd18bc1df57e27548f348b
drafts/retained/wt/push20-integrate/wip/solo-family/sub_08234F88.c,wt/push20-integrate/wip/solo-family/sub_08234F88.c,160d36de1b18530cbbf07eadad84b8166dadb01d8cd180a143ee9565a66a1ca8
drafts/retained/wt/push20-integrate/wip/solo-family/sub_082352C8.c,wt/push20-integrate/wip/solo-family/sub_082352C8.c,21db50594fac2b8d138470b36f052c44a8e970518b4334689912d66703e21da9
drafts/retained/wt/push20-integrate/wip/solo-family/sub_0823565C.c,wt/push20-integrate/wip/solo-family/sub_0823565C.c,7cf86490582dcf5e054ff761038c6e30c34f3c10a74564d881c70c1aa3b9c83d
drafts/retained/wt/push20-integrate/wip/solo-family/sub_082358C0.c,wt/push20-integrate/wip/solo-family/sub_082358C0.c,e4f7f38d4c0815f632615ceb10f7d67d59e4502b5256a0fb83d4187f3dcf19b8
drafts/retained/wt/push20-integrate/wip/solo-family/sub_082359CC.c,wt/push20-integrate/wip/solo-family/sub_082359CC.c,78f40ec9833adfa95a88a47266a2691d32c6a7991a75301e901a961bddaa95a0
drafts/retained/wt/push20-integrate/wip/solo-family/sub_08235A5C.c,wt/push20-integrate/wip/solo-family/sub_08235A5C.c,02e8255c1b5214de46e37bf3dcb89d164a06aac22ef7e494620985f3c0c10652
drafts/retained/wt/push20-integrate/wip/solo-family/sub_08235AB8.c,wt/push20-integrate/wip/solo-family/sub_08235AB8.c,64615266f3fd904351d219a34fd9d057576cae1b4726a9996d74eda3f41693e0
drafts/retained/wt/push20-integrate/wip/solo-family/sub_08235B34.c,wt/push20-integrate/wip/solo-family/sub_08235B34.c,1e54bcd9b07c926bc14dcb0c8eb09100546705e244c7b538051335597a8b15a9
drafts/retained/wt/push20-integrate/wip/solo-family/sub_08235C30.c,wt/push20-integrate/wip/solo-family/sub_08235C30.c,bf2b4e9fb0afb3aa01385dc2316486b0aed6f0e0c8c39a184c0f2382e1ba8c29
drafts/retained/wt/push20-integrate/wip/solo-family/sub_082381C8.c,wt/push20-integrate/wip/solo-family/sub_082381C8.c,3b95fcffb6d8df996cfabedb41b5318528bb1c1121c2d59fa10637ba75fd0aa4
drafts/retained/wt/push20-integrate/wip/solo-family/typed_08160EA4.c,wt/push20-integrate/wip/solo-family/typed_08160EA4.c,d2fdb69a9cca73238ce85ca6e64791fe21fa04a7d71a2cbb5988215948b47c58
drafts/retained/wt/push20-integrate/wip/solo-family/typed_0818D754.c,wt/push20-integrate/wip/solo-family/typed_0818D754.c,7e782af61fb5d27725bd52cffd28c60c3a22cd2e6801455afe5f6067dea1123b
drafts/retained/wt/push20-integrate/wip/solo-family/typed_081BF67C.c,wt/push20-integrate/wip/solo-family/typed_081BF67C.c,c359d13d9e5d5bf8a66444f62b00561ba086c780aaf12dab68bffe7b24cf4f3e
drafts/retained/wt/push20-integrate/wip/solo-family/typed_081E013C.c,wt/push20-integrate/wip/solo-family/typed_081E013C.c,d3a9a15501ce7cbf771c328055cb06aeeefbb72b6cb1ed212a5e11e196cd44de
drafts/retained/wt/push20-integrate/wip/solo-family/typed_08235B34.c,wt/push20-integrate/wip/solo-family/typed_08235B34.c,d61886ec3868451158a642fee0501eea518c9aca88b19356d2ba2258178ef078
drafts/retained/wt/push20-integrate/wip/solo-family/typed_08235C30.c,wt/push20-integrate/wip/solo-family/typed_08235C30.c,fc54210f1e69dc33186794349d43ef3291b2ca1e41696adcec651edf534a6721
drafts/retained/wt/push20-integrate/wip/solo-family/typed_flags_08235C30.c,wt/push20-integrate/wip/solo-family/typed_flags_08235C30.c,07a273f7b516f08ecbe5722b157f30e3fda0056fb9356a6224f417d58714da12
drafts/retained/wt/push20-integrate/wip/solo-family/update_base_080F59E0.c,wt/push20-integrate/wip/solo-family/update_base_080F59E0.c,bdf661be43e258752949c5294f5e016436f240084a02044ee732ca2ad38edfbb
drafts/retained/wt/push20-integrate/wip/solo-family/update_base_0818D960.c,wt/push20-integrate/wip/solo-family/update_base_0818D960.c,e26a42e643e4de5edac620a1cc138ca7cdc1943cddcdcab78253a68394680bcf
drafts/retained/wt/push20-low/wip/clones/sub_080033FC.c,wt/push20-low/wip/clones/sub_080033FC.c,4915b4342c6fce3140ae3f44c7d8d0e5a0e010c9cf727781cb8980cdd2fbeed6
drafts/retained/wt/push20-low/wip/clones/sub_08011AA4.c,wt/push20-low/wip/clones/sub_08011AA4.c,598a989e732442e0aa37220ce47c16be8c936a28bd134d9091c877c930b8d36c
drafts/retained/wt/push20-low/wip/clones/sub_08011C00.c,wt/push20-low/wip/clones/sub_08011C00.c,d4ec09669e1a457f409d153ac7971a1c93bb5b63852cb0eaeb32951d5d3b875d
drafts/retained/wt/push20-low/wip/clones/sub_08016FE0.c,wt/push20-low/wip/clones/sub_08016FE0.c,76206264336e70042a3911898d59ebbaf7095102499bab6c7c823b609a7bf27c
drafts/retained/wt/push20-low/wip/clones/sub_080182FC.c,wt/push20-low/wip/clones/sub_080182FC.c,d2dc543b55fd7efbea450a2a3c8b7ffd35c4189c3d534762f2dec84de5983619
drafts/retained/wt/push20-low/wip/clones/sub_0801959C.c,wt/push20-low/wip/clones/sub_0801959C.c,dfa4b7116a62b32d2b69c8fbf194e3a8e27a9d213767816276a8f061bdb10dee
drafts/retained/wt/push20-low/wip/clones/sub_0801973C.c,wt/push20-low/wip/clones/sub_0801973C.c,9879b9933b2c899b9b085f7b8cbcebe98e7e561fb7a012f771812bf8cb40214a
drafts/retained/wt/push20-low/wip/clones/sub_0802C620.c,wt/push20-low/wip/clones/sub_0802C620.c,83e9cb4ff44bdb4632f2f28beb41808a984acbacf04bda4e4cd1dc20322084f1
drafts/retained/wt/push20-low/wip/clones/sub_080379D8.c,wt/push20-low/wip/clones/sub_080379D8.c,71229431f9c9ff60c0cc5a8c5457b4289ffe66ae76c684d3ccd2b1ff416a7aa0
drafts/retained/wt/push20-low/wip/clones/sub_0803A4D4.c,wt/push20-low/wip/clones/sub_0803A4D4.c,02125cd8df7bc2d988a642af5d0371fadc3dbf0b2c5cbc9046a347b5176d2727
drafts/retained/wt/push20-low/wip/clones/sub_0803D5A8.c,wt/push20-low/wip/clones/sub_0803D5A8.c,3078f589e403a18f30c910e97fc72e18f7490ae89ce7d342d945556dddd97178
drafts/retained/wt/push20-low/wip/clones/sub_0803F458.c,wt/push20-low/wip/clones/sub_0803F458.c,be6b10543afce0157a3c27c120b87bf55e0742dd78f2c9a0fac88ce92607d06d
drafts/retained/wt/push20-low/wip/clones/sub_08042158.c,wt/push20-low/wip/clones/sub_08042158.c,478721f480a4ab1cf8e1183e04a08a1abe966af3681bb0b1c550e3088308cc9e
drafts/retained/wt/push20-low/wip/clones/sub_08043C24.c,wt/push20-low/wip/clones/sub_08043C24.c,93a245bdb231066254db3d7f852ca13633b34bb0b0edbcc2f09d957290d1e5ad
drafts/retained/wt/push20-low/wip/clones/sub_08043CE0.c,wt/push20-low/wip/clones/sub_08043CE0.c,0b0b06bfd489aa53502fca25f754c1b94e678f47c7d0d50703670a5e1e65a701
drafts/retained/wt/push20-low/wip/clones/sub_080447AC.c,wt/push20-low/wip/clones/sub_080447AC.c,1f30e8a1c7c99d7bbcafa83872cc19a0bbb66ddddf87d638e60471f379e146c1
drafts/retained/wt/push20-low/wip/clones/sub_08044814.c,wt/push20-low/wip/clones/sub_08044814.c,4c00f25abc5a66894e62cf20f6865f9b42dbf98a89e6297cca3e31d795f532b5
drafts/retained/wt/push20-low/wip/clones/sub_08045704.c,wt/push20-low/wip/clones/sub_08045704.c,190ec8ac5cb188b735e35aed640f8c434c9adb31f15e0fe9aba19462a8368999
drafts/retained/wt/push20-low/wip/clones/sub_08045744.c,wt/push20-low/wip/clones/sub_08045744.c,66bd0724b57555ecaa73928a8e08150e690175c16fb8aaddab4ff8f3a3e86a60
drafts/retained/wt/push20-low/wip/clones/sub_08045CB0.c,wt/push20-low/wip/clones/sub_08045CB0.c,555d97f1c9fddfb1a57664a9091b985add15d6d98622efc9ba2a3428b9400f06
drafts/retained/wt/push20-low/wip/clones/sub_08047258.c,wt/push20-low/wip/clones/sub_08047258.c,1dd32eb18d44ebf7f2f0c806fa31ebe7a3680a1b1b563ded477a1903fa4be596
drafts/retained/wt/push20-low/wip/clones/sub_080474A0.c,wt/push20-low/wip/clones/sub_080474A0.c,5b2af9aac0623e8209a720e9cfec0679716b7e5f532d3c7d51748a7a07f603cb
drafts/retained/wt/push20-low/wip/clones/sub_0805E880.c,wt/push20-low/wip/clones/sub_0805E880.c,25d77d8f3025ec2492fbcf5eed370048768d1362b40a57db488bf25188af8e2d
drafts/retained/wt/push20-low/wip/clones/sub_08069668.c,wt/push20-low/wip/clones/sub_08069668.c,98d12f90ab84fb68078326b03a155c3ab3dc182121306c7bb11bd09e0675f37c
drafts/retained/wt/push20-low/wip/clones/sub_0806A5B4.c,wt/push20-low/wip/clones/sub_0806A5B4.c,27fcc62edc39844db4139b9f619af68fca132eb013b729e8ec9bcb40bc798398
drafts/retained/wt/push20-low/wip/clones/sub_08093330.c,wt/push20-low/wip/clones/sub_08093330.c,b8a2999a777006a5204f00b0ae8653667177f324d6f398c21d50c75793b831d7
drafts/retained/wt/push20-low/wip/clones/sub_080C5314.c,wt/push20-low/wip/clones/sub_080C5314.c,561c71e632d24c7814f7fa7ec296ac7e18f206286babed562a00b744121c0213
drafts/retained/wt/push20-low/wip/clones/sub_080F4A0C.c,wt/push20-low/wip/clones/sub_080F4A0C.c,88a6668b63ebb30d64e9ffeb12a6a7e9d1e7be0db2a5f67dba01526b6fa7af70
drafts/retained/wt/push20-low/wip/clones/sub_080F6170.c,wt/push20-low/wip/clones/sub_080F6170.c,5c33cfd4c6e15edb18513f8ebc2ec14e85293ac64b0ad76927d48b3fe35341cd
drafts/retained/wt/push20-low/wip/clones/sub_080F61C8.c,wt/push20-low/wip/clones/sub_080F61C8.c,40b68da3a08acdb68df6b3f9dc794a17ee236c65f1f691c92827cd3415a0635e
drafts/retained/wt/push20-low/wip/sub_0802C9A0.c,wt/push20-low/wip/sub_0802C9A0.c,53413ac8f9ef194dae23049c19cc63279f6e093d9b3098e4dd771ac98683e391
drafts/retained/wt/push20-low/wip/sub_0802CA1C.c,wt/push20-low/wip/sub_0802CA1C.c,59f643fe0ef68bd15f7a256aad5ccfc81ec7dbe6b5a1f59be6815f870c862ff3
drafts/retained/wt/push20-low/wip/sub_0802CD04-base.c,wt/push20-low/wip/sub_0802CD04-base.c,ea18159ca2c8c829dca5a461de3209f62fb266be7b4125a9559ab9e60be9d319
drafts/retained/wt/push20-low/wip/sub_0802CD04-best.c,wt/push20-low/wip/sub_0802CD04-best.c,84162e11e6ce592a0298157213100978eede38e779ba03fbce93ea936434fa28
drafts/retained/wt/push20-low/wip/sub_0802CD04-safe.c,wt/push20-low/wip/sub_0802CD04-safe.c,e875ce477ea2caf0f3e32f5acd56ba35272feecf6d6fbf686e5c442a04cc2a70
drafts/retained/wt/push20-low/wip/sub_0802CD04.c,wt/push20-low/wip/sub_0802CD04.c,e4e3f24dd169ff305ce942acb166c15f6e20feafc422524d14852ff32ba0ce59
drafts/retained/wt/push20-low/wip/sub_0802D218.c,wt/push20-low/wip/sub_0802D218.c,655d6700afa72cdc5198fc8d2a113bffdd486be61e1f31a345f9f371a03e8349
drafts/retained/wt/push20-low/wip/sub_0802D44C.c,wt/push20-low/wip/sub_0802D44C.c,836d7ec8f4184d76e925ed3cfddc33eeb3c53b6f649feffe0f07b259fef92407
drafts/retained/wt/push20-low/wip/sub_08048E0C-base.c,wt/push20-low/wip/sub_08048E0C-base.c,fc932872a9e80e14f44bf9650baa7574cd3d8256b73a7b0d755a0ec38b709bc5
drafts/retained/wt/push20-low/wip/sub_08048E0C.c,wt/push20-low/wip/sub_08048E0C.c,2d76bd6dd0d00ec25da30d8e8096c964f3c6af36eeeb57f061d799f98749047d
drafts/retained/wt/push20-low/wip/sub_08097BC0-best.c,wt/push20-low/wip/sub_08097BC0-best.c,acc8e2580542bade52bfe02048df286d06f5d6a59bc2d08221927219e2fbe67b
drafts/retained/wt/push20-low/wip/sub_08097BC0.c,wt/push20-low/wip/sub_08097BC0.c,ebd5731225b38b6afb6d2a8f6a68036ad45eee3c23592ed586bedd6cd79ee91c
drafts/retained/wt/push20-low/wip/sub_080AB294-retained.c,wt/push20-low/wip/sub_080AB294-retained.c,f44dd46fb9c1ca24e1a15fe545560fa50948dea2cdf44acf90049d723e53ca5e
drafts/retained/wt/push20-low/wip/sub_080AB294-scoped-rng.c,wt/push20-low/wip/sub_080AB294-scoped-rng.c,e7ab8e25b5bf49cd65815b9b62402c16ad0ca8bfa814093c891a3585d0f2f20b
drafts/retained/wt/push20-low/wip/sub_080AB294.c,wt/push20-low/wip/sub_080AB294.c,f44dd46fb9c1ca24e1a15fe545560fa50948dea2cdf44acf90049d723e53ca5e
drafts/retained/wt/push20-low/wip/sub_08200A10-best4.c,wt/push20-low/wip/sub_08200A10-best4.c,ead0928cf13ffd2c40e389ecc54a079bd1ee1d164e82648b5fb987a4e4cd604a
drafts/retained/wt/push20-low/wip/sub_08200A10-best5.c,wt/push20-low/wip/sub_08200A10-best5.c,8800a3c4b2350f67f97bc49681d4605d7c609165e16da57b84bf230127d2fb67
drafts/retained/wt/push20-low/wip/sub_08200A10-best6.c,wt/push20-low/wip/sub_08200A10-best6.c,ecc4a525de108afe7620abc9c82236a39d2023715297c72298a2f3fa932c86cb
drafts/retained/wt/push20-low/wip/sub_08200A10-root.c,wt/push20-low/wip/sub_08200A10-root.c,d745594198e97a9b63b5ea58aa45a8b1ac03478df8de6ea40b0c63bc49dac6f6
drafts/retained/wt/push20-low/wip/sub_08200A10.c,wt/push20-low/wip/sub_08200A10.c,082561f2b4865e83e40d970026646156e8b6f76290e40cf1dc2f601d8164f4a3
drafts/retained/wt/push20-low/wip/sub_0822A230-astra.c,wt/push20-low/wip/sub_0822A230-astra.c,74a87a003c102eb1c2adbb202bc36ddfb0cfb316fe29ab8ad0b3e0a1033e2ab1
drafts/retained/wt/push20-low/wip/sub_0822A230-base.c,wt/push20-low/wip/sub_0822A230-base.c,31797db89618e246d68324b29178a892fded593cae53fe2cdf8b16dd5027626e
drafts/retained/wt/push20-low/wip/sub_0822A230-best11.c,wt/push20-low/wip/sub_0822A230-best11.c,31c38da12e9f84ceb154d0d05707a926a7814f5c13f8a9e93d73b7e83b82d348
drafts/retained/wt/push20-low/wip/sub_0822A230-best6.c,wt/push20-low/wip/sub_0822A230-best6.c,66f6abcd67f9e69d6df6bc880ce9995a9b471e167ba9e6bb8152163ade6dbadf
drafts/retained/wt/push20-low/wip/sub_0822A230-best9.c,wt/push20-low/wip/sub_0822A230-best9.c,ce9878df482ffaf06561a1760977364dc1792537141972abfc14e8b5a2a3c52b
drafts/retained/wt/push20-low/wip/sub_0822A230-helper.c,wt/push20-low/wip/sub_0822A230-helper.c,b8857035aabb6197319b10bdaac55fb5555b8d04a4942b60c61759763405278f
drafts/retained/wt/push20-low/wip/sub_0822A230-resume.c,wt/push20-low/wip/sub_0822A230-resume.c,a291d7ec627e818f2e5139eec68e03af606fec13a0d029038dbe6b9c367192ca
drafts/retained/wt/push20-low/wip/sub_0822A230-scoped.c,wt/push20-low/wip/sub_0822A230-scoped.c,54f61875c29632009a5e9d41aa78db9d252f2f1484a080681a0ef7a684b1d480
drafts/retained/wt/push20-low/wip/sub_0822A230-tail-fixed.c,wt/push20-low/wip/sub_0822A230-tail-fixed.c,1a95b0c8c0a78a2633a9bc83cc1c16641d6651fab9f03fd0fcb66fe581c93b93
drafts/retained/wt/push20-low/wip/sub_0822A230.c,wt/push20-low/wip/sub_0822A230.c,31c38da12e9f84ceb154d0d05707a926a7814f5c13f8a9e93d73b7e83b82d348
drafts/retained/wt/push20-mid/wip/clones/sub_081278E0.c,wt/push20-mid/wip/clones/sub_081278E0.c,eb353b2e0084f7803ea12c855fd53837c59b349b0fcb883396de8e3cebd45e40
drafts/retained/wt/push20-mid/wip/clones/sub_0812B7AC.c,wt/push20-mid/wip/clones/sub_0812B7AC.c,4883d9681c3f0c3735d27fb501ad76792d72754c120ec4fe476e4a7e290b9221
drafts/retained/wt/push20-mid/wip/clones/sub_0812C314.c,wt/push20-mid/wip/clones/sub_0812C314.c,4942ecf2e52a3d4b4bed82f3ade809911731a85153d95bd0f76de683513618d8
drafts/retained/wt/push20-mid/wip/clones/sub_081388F4.c,wt/push20-mid/wip/clones/sub_081388F4.c,cdfb384ad028f47fa1fb746e76d339f8351727c788feab93bc50d3d1da0c43cb
drafts/retained/wt/push20-mid/wip/clones/sub_081392DC.c,wt/push20-mid/wip/clones/sub_081392DC.c,a61574b4a4c11b95c9e3fe00f3a85804fbac58a474d3e71f08cd000ef780d14a
drafts/retained/wt/push20-mid/wip/clones/sub_0816B47C.c,wt/push20-mid/wip/clones/sub_0816B47C.c,3b6e162fe3628584fed7062e128dcbaa13f58d3bcb208e9b4d1458177af5b667
drafts/retained/wt/push20-mid/wip/clones/sub_08175AB0.c,wt/push20-mid/wip/clones/sub_08175AB0.c,24d9bfb737b96a374de2821c006036b69334018dbf1fa4bda2bc3d1029021df5
drafts/retained/wt/push20-mid/wip/clones/sub_08175AD4.c,wt/push20-mid/wip/clones/sub_08175AD4.c,f9598cf0a0b0efe38e10b71103ee60fa601104de8e015a1fcbc3a0becb1e94f5
drafts/retained/wt/push20-mid/wip/clones/sub_08178544.c,wt/push20-mid/wip/clones/sub_08178544.c,ec0ec9c36305caf340cb42bd2492babcd020a614a9828c63818fb76f07d939e2
drafts/retained/wt/push20-mid/wip/clones/sub_081CC690.c,wt/push20-mid/wip/clones/sub_081CC690.c,9ea4e6c8900d3838ead27fcc395e332fc950428d3d606a566b385d292b50eeb0
drafts/retained/wt/push20-mid/wip/last/sub_0816AC64.c,wt/push20-mid/wip/last/sub_0816AC64.c,c21ab32b2a8ae99bc353c197912f4311df23bb913ceed9dd6e9938f2f5bc7246
drafts/retained/wt/push20-mid/wip/last/sub_08172AF4.c,wt/push20-mid/wip/last/sub_08172AF4.c,2e896d4e3048b1f45000d52d49c9ca72f434292651a3f80526a0de58a6800302
drafts/retained/wt/push20-mid/wip/last/sub_082132E8.c,wt/push20-mid/wip/last/sub_082132E8.c,236221d16a40db6f59882b985e7c6fb5dcf44150fd8f6e3ef58ca3f58497cb38
drafts/retained/wt/push20-mid/wip/push20/sub_08105194.c,wt/push20-mid/wip/push20/sub_08105194.c,bed576f32703afcf73a7ba80250fb5d0e9791a7ca7e3a6c2af80eb64ca2b02b9
drafts/retained/wt/push20-mid/wip/push20/sub_081094EC.c,wt/push20-mid/wip/push20/sub_081094EC.c,12bcbfb3418ebf6a58b435d8ef54c623b5e94597a6bb1cda4533a727ca3c37d1
drafts/retained/wt/push20-mid/wip/push20/sub_0810BE98.c,wt/push20-mid/wip/push20/sub_0810BE98.c,de811d2bfc85d9906057510db3318961e511d770b81db80c411bf86c9288127c
drafts/retained/wt/push20-mid/wip/push20/sub_0810CBC8.c,wt/push20-mid/wip/push20/sub_0810CBC8.c,28415b6d4ffb703f671737eef4e10cb01de43b8c2ff1cbcd9e71c1dd0246aec9
drafts/retained/wt/push20-mid/wip/push20/sub_0810F8D8-first.c,wt/push20-mid/wip/push20/sub_0810F8D8-first.c,f496af5cbc77e8fbc867d8041e93014333eb9c7c4f1b2ab23fe2cf327b5002ea
drafts/retained/wt/push20-mid/wip/push20/sub_0810F8D8.c,wt/push20-mid/wip/push20/sub_0810F8D8.c,e37b018d3023ae797975689429cc6d86823d724bdeb9f387bb9f4e2bca29448c
drafts/retained/wt/push20-mid/wip/push20/sub_081134B0-first.c,wt/push20-mid/wip/push20/sub_081134B0-first.c,5110ab5c8c343ab49cb222fe8e3732e87f700b98117adbd83603de2b06a078ea
drafts/retained/wt/push20-mid/wip/push20/sub_081134B0.c,wt/push20-mid/wip/push20/sub_081134B0.c,df28664610a7f80e9c60e67bca3e4aecfa1908669805e6dd649f55a966faa743
drafts/retained/wt/push20-mid/wip/push20/sub_081155FC.c,wt/push20-mid/wip/push20/sub_081155FC.c,21fbecb1c77f4fd06bdf6ad89834b2c34f2868632ae263e5bfd16745ede1980f
drafts/retained/wt/push20-mid/wip/push20/sub_08115D58.c,wt/push20-mid/wip/push20/sub_08115D58.c,47768a0e3cf213883572bb9580c8602ca718a0b2ac42f3c63f382051541fa7ca
drafts/retained/wt/push20-mid/wip/push20/sub_08125B68.c,wt/push20-mid/wip/push20/sub_08125B68.c,ff6dbbccad14a0ea2ef05e4d12e70a3b2617025e8c1aa00de705603c15c60b29
drafts/retained/wt/push20-mid/wip/push20/sub_08126000.c,wt/push20-mid/wip/push20/sub_08126000.c,f1031bc2b2b2283cdf8693871782b790d5310fff79e32955eecfac4eb5e1e1bf
drafts/retained/wt/push20-mid/wip/push20/sub_0812642C.c,wt/push20-mid/wip/push20/sub_0812642C.c,55ecfb274ee23b2cdab76da3e45853f5d1382af0fb4cda7c8a6a4b56dd16bbd8
drafts/retained/wt/push20-mid/wip/push20/sub_0812CD10.c,wt/push20-mid/wip/push20/sub_0812CD10.c,851f4fcfa90b5322aefaaaaa73850f79a50a608ae20e7c747bc73cec32c80aa4
drafts/retained/wt/push20-mid/wip/push20/sub_0812D46C.c,wt/push20-mid/wip/push20/sub_0812D46C.c,f6005f8d858fedb0cdcd233a5291d25ab986e2bcfa474134f37cf9a541ec29bb
drafts/retained/wt/push20-mid/wip/push20/sub_08131B40.c,wt/push20-mid/wip/push20/sub_08131B40.c,c95ecacbcc3638b8849fa1b9cfeb3dc6c3087e19ce66e63d75ed53253202959b
drafts/retained/wt/push20-mid/wip/push20/sub_0815C230.c,wt/push20-mid/wip/push20/sub_0815C230.c,d49a940be7a94c3da668b0f4dddea4f65006e9dcaaa63b25468d84a0ed594397
drafts/retained/wt/push20-mid/wip/push20/sub_081625C0.c,wt/push20-mid/wip/push20/sub_081625C0.c,1639ea7e7e71bf9e4a35fb45d86becf7149646382c2f49080982c8b4ad909080
drafts/retained/wt/push20-mid/wip/push20/sub_0816CC88.c,wt/push20-mid/wip/push20/sub_0816CC88.c,1fb68c70ccc59ca9e26fafc601269b01f987f16545e48919e83f4a1d2209ec1b
drafts/retained/wt/push20-mid/wip/push20/sub_0816F6B4-best180.c,wt/push20-mid/wip/push20/sub_0816F6B4-best180.c,b762a975c522a594f7154784e169b486e392f7ed8988265381a4fb01f3c4e9ba
drafts/retained/wt/push20-mid/wip/push20/sub_0816F6B4-best40.c,wt/push20-mid/wip/push20/sub_0816F6B4-best40.c,b3c5efe828445391d9fda56b164236ff4def9c3036b98963d46a5c809014f533
drafts/retained/wt/push20-mid/wip/push20/sub_0816F6B4.c,wt/push20-mid/wip/push20/sub_0816F6B4.c,7490b7ca7cbecc8bf433f186296ca268c2f26d6119c2a68e94e19a3829708ac2
drafts/retained/wt/push20-mid/wip/push20/sub_08171EFC.c,wt/push20-mid/wip/push20/sub_08171EFC.c,93d54818ea58ec9d3d2e562e44c746d1704ce7d75c15ceae3f3914dc7eee9870
drafts/retained/wt/push20-mid/wip/push20/sub_081742F0.c,wt/push20-mid/wip/push20/sub_081742F0.c,ccbe9ddc4d77519001ebfc96abf840f42fb96a08887ba8d17cef15ec50d93580
drafts/retained/wt/push20-mid/wip/push20/sub_0817565C.c,wt/push20-mid/wip/push20/sub_0817565C.c,c2df7847cfd760930459a2a4796fac97e0624b1055d69687b55cf5843307a701
drafts/retained/wt/push20-mid/wip/push20/sub_08175EEC.c,wt/push20-mid/wip/push20/sub_08175EEC.c,e028468657c7f6d1a508e9d43a033e26128ee38c362a1fea03c0f7d3d5f3a2eb
drafts/retained/wt/push20-mid/wip/push20/sub_08178FC8-best460.c,wt/push20-mid/wip/push20/sub_08178FC8-best460.c,b1bc8c641604bb8eef59d2e9e0e0daafac1315819bad525dc31266f46f2ffb00
drafts/retained/wt/push20-mid/wip/push20/sub_08178FC8-v3.c,wt/push20-mid/wip/push20/sub_08178FC8-v3.c,128bd9ff20d71e15dfbd1375cd6267c6f706de51412626f085f2c2356ab8325f
drafts/retained/wt/push20-mid/wip/push20/sub_08178FC8.c,wt/push20-mid/wip/push20/sub_08178FC8.c,b1bc8c641604bb8eef59d2e9e0e0daafac1315819bad525dc31266f46f2ffb00
drafts/retained/wt/push20-mid/wip/push20/sub_081975C8.c,wt/push20-mid/wip/push20/sub_081975C8.c,9df3fde3a1a5883c2f08a4aaa89e8f12d9b7b8dcf6bfdd30e32e106e4ac578f5
drafts/retained/wt/push20-mid/wip/push20/sub_0819A5AC-first.c,wt/push20-mid/wip/push20/sub_0819A5AC-first.c,204ca580ecafed054a548f7afb2cbf90a2f237c1cf624d0e54f8f3ecd70b04b5
drafts/retained/wt/push20-mid/wip/push20/sub_0819A5AC.c,wt/push20-mid/wip/push20/sub_0819A5AC.c,e5ff01cee3d347efe5e1bce3fa8389698f7d9091e00460e575db1dca129a7157
drafts/retained/wt/push20-mid/wip/push20/sub_081A543C.c,wt/push20-mid/wip/push20/sub_081A543C.c,1206faf82368722bd670cf8bd06f51bdfaa447ee38f3df9b621b9bbf7841bb4a
drafts/retained/wt/push20-mid/wip/push20/sub_081A7040.c,wt/push20-mid/wip/push20/sub_081A7040.c,49952d072b25d18a1313ab007497788c18ad81361f60cd28a1714b178f861aa4
drafts/retained/wt/push20-mid/wip/push20/sub_081AE008.c,wt/push20-mid/wip/push20/sub_081AE008.c,69e265bdebf8a31a3158210ec0b82069f9c43197d777f30c7802b0ffc9475fcb
drafts/retained/wt/push20-mid/wip/push20/sub_081BC820.c,wt/push20-mid/wip/push20/sub_081BC820.c,6246a046a3b06668e63b83373ea8fc096731bef3e4fad0f099100a0f138a06d6
drafts/retained/wt/push20-mid/wip/push20/sub_081C5C2C.c,wt/push20-mid/wip/push20/sub_081C5C2C.c,1b47d7e9fa67b0f3ca719b928eeed96c7f51860854c720d1fb28a57f992ec8fe
drafts/retained/wt/push20-mid/wip/push20/sub_081C6498-unsafe-old.c,wt/push20-mid/wip/push20/sub_081C6498-unsafe-old.c,b962b2bf2bfe5e26fadaf8513270c2557a0455f9733c25205f3cfbd15d78647c
drafts/retained/wt/push20-mid/wip/push20/sub_081C6498.c,wt/push20-mid/wip/push20/sub_081C6498.c,b962b2bf2bfe5e26fadaf8513270c2557a0455f9733c25205f3cfbd15d78647c
drafts/retained/wt/push20-mid/wip/push20/sub_081D5908.c,wt/push20-mid/wip/push20/sub_081D5908.c,2ac6ff47e9b709bb5e13d0e64137351de30e8e4358c5929f58e8bdb5f02b7df3
drafts/retained/wt/push20-mid/wip/push20/sub_081D5C08.c,wt/push20-mid/wip/push20/sub_081D5C08.c,a5ac14cd5780b7b0877ecc3ee065d3c7c344634bcd622a3ab353080fbba68f8e
drafts/retained/wt/push20-mid/wip/push20/sub_081DBE04.c,wt/push20-mid/wip/push20/sub_081DBE04.c,a4379cc41a19a63a556ff767557c220cae45581bac0a21e372e0cbd209041f8a
drafts/retained/wt/push20-mid/wip/push20/sub_081DC470.c,wt/push20-mid/wip/push20/sub_081DC470.c,7a489f2b7d25de9ba86cde31600bc3182721554126d433bae0fbd4bf8456a1d5
drafts/retained/wt/push20-mid/wip/push20/sub_081E013C-best700.c,wt/push20-mid/wip/push20/sub_081E013C-best700.c,d6f2fe37709902328a9d8157654605916873598909d67973364eecb1a103746f
drafts/retained/wt/push20-mid/wip/push20/sub_081E013C-earlier.c,wt/push20-mid/wip/push20/sub_081E013C-earlier.c,2d4bbebd8e8151daa6e3b161eed1646a56db4103c1f1daac233bf771c2db81fb
drafts/retained/wt/push20-mid/wip/push20/sub_081E013C-focused700.c,wt/push20-mid/wip/push20/sub_081E013C-focused700.c,f6fff61ba6ca6b3d7e97caae2f322070d204b0fdc4443f6b4cabdf31562d896b
drafts/retained/wt/push20-mid/wip/push20/sub_081E013C-prefix700.c,wt/push20-mid/wip/push20/sub_081E013C-prefix700.c,d21757f6cd2386965baf66fb462e541c35724ba84cff6a6ec63fb62a06725cf3
drafts/retained/wt/push20-mid/wip/push20/sub_081E013C-v5.c,wt/push20-mid/wip/push20/sub_081E013C-v5.c,ff4d65f156c85c0b92f1247d762731822a83c9ff6a4a662aa551d7aa6dad3c30
drafts/retained/wt/push20-mid/wip/push20/sub_081E013C.c,wt/push20-mid/wip/push20/sub_081E013C.c,f6fff61ba6ca6b3d7e97caae2f322070d204b0fdc4443f6b4cabdf31562d896b
drafts/retained/wt/push20-mid/wip/push20/sub_081E0B4C.c,wt/push20-mid/wip/push20/sub_081E0B4C.c,9fba0ef81a5a406e507b7308d06b7163517e6edf59fbe99230a512282ac1713f
drafts/retained/wt/push20-mid/wip/push20/sub_081E27A8.c,wt/push20-mid/wip/push20/sub_081E27A8.c,1e60df2957c5b786b4ac5a4ee18011eed9c9e35cd91fd585bde316f06e53607d
drafts/retained/wt/push20-mid/wip/push20/sub_081E2DA0.c,wt/push20-mid/wip/push20/sub_081E2DA0.c,83efe78d9dc2f24b90878a19fc4f1b94caed51f9ed6c07fbcc711b49ca668e01
drafts/retained/wt/push20-mid/wip/push20/sub_081E2E7C.c,wt/push20-mid/wip/push20/sub_081E2E7C.c,ac582fe2799d9806282a04a59ad55a1a3f07b51a1c8aa4337345836f79299a76
drafts/retained/wt/push20-mid/wip/push20/sub_081EA8A8.c,wt/push20-mid/wip/push20/sub_081EA8A8.c,dbce82518ed36f6825735f6747d4b629e60e12b5e2c0453a38126ebc9fb5495c
drafts/retained/wt/push20-mid/wip/push20/sub_081EC204.c,wt/push20-mid/wip/push20/sub_081EC204.c,a144d05c455c44b775bbb74c89684474d52c409ba32e03c8544a3be291e71777
drafts/retained/wt/push20-mid/wip/push20/sub_081F0E24.c,wt/push20-mid/wip/push20/sub_081F0E24.c,a441859c1c1982f83e2b585a4328a9ef188f0c9ccefe8472238006bcdef1d521
